date,title,writerP,zbody
20180419 09:47,공 0419(목) 정식 서버 패치 변경점 안내,니치크,안녕하세요마비노기입니다2018년 04월 19일(목)패치로 변경되는 내용은 다음과 같습니다경매장 개 경매장에서 아이템 판매를 위해 아이템을 등록할 때 평균 판매가와 90 이상 차이가 나는 경우 경고창이 출력됩니다 경매장에서 아이템을 구매할 때 평균 판매가와 90 이상 차이가 나는 경우 경고창이 추가로 출력됩니다 경매장 기본 검색 옵션이 모에서 일반거로 변경됩니다 내구도 0으로 더 이상 사용할 수 없는 인챈트 스크롤이 등록 불가능하게 수정됩니다 이미 사용하여 스킬을 얻을 수 없는 스킬북 판매구매 시 경고창이 출력됩니다 경매장에서 일반거로 아이템 등록 시 개당 가격 입력 칸 밑에 단위가 표시된 상태로 등록할 아이템의 개당 가격을 볼 수 있습니다 검색 옵션 모인 상태에서 가격 정렬 시 일반 거래 아이템이 우선 정렬되도록 수정됩니다 입찰거 아이템의 정렬을 원하실 경우 검색 옵션을 통해 구분할 수 있습니다이리아 필드 레이드 보상 개 일부 이리아 필드 레이드에서 공헌도에 따른 보상이 간헐적으로 비정상 지급되던 문제가 수정됩니다 이리아 필드 레이드 9종의 보상 리스트가 일부 변경되고 공헌도가 높을수록 더 좋은 보상을 얻을 확률이 기존보다 높아집니다 사막 드래곤 레드 드래곤 평원 드래곤 거대 샌드웜 이프리트 매머드 예티 거대 악어 거대 사 드래곤 레이드 3종사막 드래곤 레드 드래곤 평원 드래에서는 낮은 확률로 소나타 신비 인챈트를 획득할 수 있습니다카메라 시야 개 카메라 최대 줌아웃 거리가 확장됩니다 자이언트 이신화 캐릭터의 카메라 높이조절 옵션이 추가됩니다 자이언트 캐릭터로 일부 지역에서 이동전투 시 간헐적으로 카메라가 땅을 비추던 문제가 수정됩니다 수정 사항 수원지 내 일부 비정상적인 지역으로 이동할 수 없도록 변경됩니다 (비정상 지역으로 이동 시 수원지 문게이트로 이동됩니다) 변신 메달을 사용하여 일부 몬스터로 변신 시 근접 전투 스킬을 사용할 수 있던 문제가 수정됩니다 아르바이트 타이틀의 효과가 적용되지 않던 문제가 수정됩니다 페르시 검은늑 정글리 동물 캐릭터가 인간형으로 변신했을 때 능력치가 상승하지 않던 문제가 수정됩니다 다중모니터 환경에서 채널 접속 환경설정 등을 시도할 때 클라이언트 위치가 모니터의 왼쪽상단으로 초기화되던 문제가 수정됩니다 음식의 조미료 효과 텍스트가 비정상적으로 사라지지 않던 문제가 수정 됩니다 자이언트가 서큐버스 퀸 풀커버 바디수 서큐버스 퀸 하프커버 바디수 서큐버스 퀸 미니멀 바디수 착용 시 손목 부분이 비정상적으로 보이던 문제가 수정됩니다 일부 헤어에 크리놀린 스타일 모 착용 시 머리 부분이 비정상적으로 보이던 문제가 수정됩니다 파티시에르 의상(여성용)과 리즈벳 부 착용 시 부츠가 의상 밖으로 보이던 문제가 수정됩니다 에이프런 원피와 플로피 햇(여성용)을 함께 착용했을 때 목 부분 악세사리가 사라지던 문제가 수정됩니다 외곽선 그리기 옵션이 활성화된 상태에서 개량된 르웰린 아를 착용 시 왼손이 비정상적으로 보이던 문제가 수정됩니다감사합니다
20180308 12:08,공 내용추가3 0308(목) 정식 서버 패치 변경점 안내,니치크,안녕하세요마비노기입니다2018년 03월 08일(목)패치로 변경되는 내용은 다음과 같습니다 두근두근 아일랜드 이벤트가 진행됩니다 공지 바로가 생활 재능 스킬 낭만 농장 하우징 업데이트 기념 이벤트가 진행됩니다 공지 바로가(내용추가) 0308 12:15 낭만 농장이 있어도 나만의 연구소1 퀘스트가 완료되지 않았던 캐릭터는 재접속 시 퀘스트가 완료됩니다(내용추가) 0308 14:47 응급치료 랭크6 달성 후 딜리와 대화를 해도 간헐적으로 구호 물자 지 퀘스트를 지급받지 못하던 문제가 수정됩니다 요리 휴식 응급치료 캠프 파이어 4종의 생활스킬이 랭크 1 달성이 가능하도록 해금됩니다 각각의 스킬 랭크업을 할 수 있는 랭크업 아이템 랭크업 스킬북 및 랭크업 퀘스트가 추가됩니다 해금 이후의 상위 랭크에서 사용 가능한 신규 효과가 각각 추가되며 생명력마나스태미나 스탯을 추가로 지급받게 됩니다요리 요리 스킬을 랭크 1까지 달성할 수 있도록 변경되며 랭크 1의 수련 경험치를 전부 채운 경우 요리 마스터 타이틀을 획득할 수 있습니다 요리 스킬 랭크업 시 마나 스탯을 획득할 수 있습니다 랭크업에 따라 새로운 요리 방법 및 신규 요리 도구가 추가됩니다 : 피자 만들기발효수비드저미기 : 신규 요리 도구는 마을의 잡화점 및 일부 동물 캐릭터 상점에서 구입 가능합니다 신규 요리 100종이 추가되며 일부 신규 요리 섭취 시 획득 가능한 효과에 새로운 옵션이 추가됩니다 신규 요리 재료 3종 및 신규 물고기 3종이 추가됩니다휴식 휴식 스킬을 랭크 1까지 달성할 수 있도록 변경됩니다 휴식 스킬 랭크업 시 마나 스탯을 획득할 수 있습니다 랭크 5 부터 마나 회복 효과 랭크 1 부터 포션 중독 완화 효과가 새롭게 추가됩니다 응급치료 응급치료 스킬을 랭크 1까지 달성할 수 있도록 변경됩니다 응급치료 스킬 랭크업 시 생명력 스탯을 추가로 획득할 수 있습니다 랭크 5 부터 시전 시간이 감소하며 랭크 1 부터 다수 응급치료가 가능하게 됩니다 랭크 2 랭크 1 승급 시 에반 또는 아이던 중 한 명의 npc를 선택하여 랭크업 퀘스트를 진행할 수 있습니다캠프 파이어 캠프 파이어 스킬을 랭크 1까지 달성할 수 있도록 변경됩니다 캠프 파이어 스킬 랭크업 시 스태미나 스탯을 추가로 획득할 수 있습니다 랭크 5부터 스킬로 설치한 모닥불의 외형이 변경됩니다 (캠프파이어 키트 류 아이템으로 설치한 모닥불은 외형이 변경되지 않습니다) 랭크 5부터 모닥불에 향 아이템을 소각할 수 있게 됩니다 : 랭크 5부터 미니 향초 랭크 3부터 고급 향초 랭크 1부터 최고급 향초를 소각할 수 있습니다 : 미니 향초의 경우 마을의 힐러집에서 구입 가능하며 고급 및 최고급 향초는 핸디크래프트 스킬로 제작할 수 있습니다 : 한 번 향초가 소각된 모닥불에는 다른 향초를 추가로 소각할 수 없습니다 : 여러 개가 번들되어 있는 상태로 향초를 소각하지 않도록 주의해주세요 향가 태워진 모닥불 근처에서 1분간 휴식 시 특별한 효과를 받게 됩니다 : 바닐라 향초 (생명력마나스태미나 회복 속도 증가) 라벤더 향초(공격 딜레이 감소) 레몬그라스 향초(낚시 성공률 및 물고기 크기 보정) 체리 향초(채집 속도 증가) 코튼 향초(제작 성공률 증가) 체리 향초 효과는 야금 스킬에 적용되지 않습니다 : 향초의 종류와 등급에 따라 적용받는 효과가 달라집니다 : 한 번 향초 효과를 적용받으면 36분간 효과가 유지되며 로그아웃 시 효과가 사라집니다 기존에 다른 향초 효과를 적용받고 있었을 경우 기존 효과는 사라지며 가장 최근에 적용받은 효과 1개만 적용됩니다 : 한 번 향초 효과를 적용받은 뒤에는 동일한 모닥불에서 다시 효과를 받을 수 없습니다 캐릭터의 생명력마나스태미나의 기본 수치 한계가 1500에서 2500으로 증가합니다 기본 수치 증가분 만큼 반영되도록 연금술 스킬 대미지 계산 공식이 변경되었습니다 생명력마나스태미나에 영향받는 캐릭터 전투력 계산 공식이 변경되었습니다 (몬스터의 전투력은 변동이 없습니다) 일부 생활 스킬에서 획득 가능한 생명력마나스태미나 스탯 수치가 증가하거나 새로 지급됩니다 대상 스킬은 다음과 같습니다 : 생명력(응급치료 호미질 추수 우유 짜기) 마나(요리 휴식 버섯 채집 조련) 스태미나(캠프 파이어 힐웬 공학 매직 크래프트) 포션 조에 생명력마나스태미나 500 및 500RE 회복 포션 6종의 신규 레시피가 추가됩니다 기존의 생명력마나스태미나 300 회복 포션의 포션 조제 레시피 및 분해 결과물이 변경됩니다 생명력마나스태미나 RE 포션의 인벤토리 이미지와 단축키 아이콘이 변경됩니다(내용추가) 0313 19:10 낭만 농장에서 인형 가방을 소환할 수 있도록 변경됩니다 낭만 농장 하우징이 확장됩니다 하우징 건물이 집인 경우 2개의 방을 사용할 수 있습니다 하우징 건물이 저택(도시 사막 설원)인 경우 3개의 방을 사용할 수 있습니다 기존 방의 형태 및 가구 배치 상태는 유지됩니다 각각의 방은 서로 다른 형태로 꾸밀 수 있습니다 하우징 방 내에서 카메라를 자유롭게 회전할 수 있습니다 각 방에 배치할 수 있는 가구의 수가 7개로 제한됩니다 하우징 방에 배치되어 있던 집사 브라우니가 철거됩니다 화면 좌측의 버튼을 눌러 집사 브라우니와 대화할 수 있습니다 화면 좌측의 하우징 정보 버튼을 눌러 하우징의 현재 상태를 확인하거나 방에서 방으로 이동할 수 있습니다 하우징에 입장할 수 없는 캠프 이글루의 경우는 해당하지 않습니다 하우징에 설치할 수 있는 연구대 시설이 추가됩니다 연구대는 가구 설치 메뉴를 통해 설치할 수 있습니다 연구대는 음식 대장 재단 약품 목공 연구대 5종류가 있으며 종류별 2단계로 구성됩니다 1단계 연구대를 클릭 후 일정 비용을 지불하고 2단계로 업그레이드할 수 있습니다 연구대는 한 방에 하나만 설치할 수 있습니다 연구대에서는 연구 과제를 수행할 수 있으며 연구 과제는 일정 시간이 경과하면 완료할 수 있습니다 연구 과제를 완료하면 연구대 종류에 맞는 노하우 포인트를 획득합니다 일반 장식용 가구 시설은 같은 방에 설치된 연구대에 영감 지수를 제공하며 영감 지수 합계가 많을수록 연구 과제를 완료할 때 더 많은 노하우 포인트를 획득할 수 있습니다 노하우 포인트의 소수점 자리 수치는 획득되지 않습니다 연구대에서는 노하우 포인트를 소비하여 연구 효과 버프를 발동할 수 있습니다 버프를 발동하면 일정 시간 동안 낭만 농장에서 연구 효과 분야의 재능 스킬을 수련할 때 스킬 수련 경험치 보너스를 받습니다 버프는 낭만 농장에 있는 모든 캐릭터에 적용되며 버프의 효과 및 지속시간에 따라 소비되는 노하우 포인트가 다릅니다 낭만 농장에 설치할 수 있는 생산물이 추가됩니다 광맥 야금터 밀 보리 옥수수 감자 조개채집터 개암버섯 담갈색 송이버섯 황금버섯 생산물이 추가됩니다 새로 추가되는 생산물 채집을 통해 낭만 농장 내에서 채광 야금술 추수 호미질 버섯 채집 스킬을 수련할 수 있습니다 새로 추가되는 생산물은 매일 자정이 지나면 다시 채집할 수 있으며 개암버섯 담갈색 송이버섯 황금버섯은 각각 버섯의 출현 시간에 채집할 수 있습니다 낭만 농장 추천 기능이 추가됩니다 다른 플레이어의 낭만 농장 방문 후 퇴장할 때 낭만 음식 대장 재단 약품 목공 중 하나의 부문을 선택하여 추천을 할 수 있습니다 낭만 : 아름답고 낭만적인 낭만 농장 음식 : 음식 재료를 채집하거나 스킬을 수련하기 좋은 낭만 농장 대장 : 대장 재료를 채집하거나 스킬을 수련하기 좋은 낭만 농장 재단 : 재단 재료를 채집하거나 스킬을 수련하기 좋은 낭만 농장 약품 : 약품 재료를 채집하거나 스킬을 수련하기 좋은 낭만 농장 목공 : 목공 재료를 채집하거나 스킬을 수련하기 좋은 낭만 농장 하나의 ID가 하나의 낭만 농장에 하루에 한 번 추천할 수 있습니다 여러 ID가 하나의 낭만 농장에 복수 추천할 수 있습니다 하나의 ID가 여러 낭만 농장에 하루 한 번씩 추천할 수 있습니다 최근 3개월간 받은 부문별 추천 점수 합계를 기준으로 종합 랭킹이 산정됩니다 하단의 낭만 농장 메뉴를 통해 낭만 농장 게시판을 열 수 있습니다 낭만 농장 게시판에서 원하는 종합 랭킹 또는 부문별 추천 점수를 확인할 수 있으며 표시된 농장에 방문하거나 방문 요청을 할 수 있습니다 낭만 농장 게시판의 랭킹 및 추천 점수는 1시간마다 갱신되며 최근 3개월 이내에 추천 점수를 받은 낭만 농장만 표시됩니다 아이데른 엔델리온 엘리네드 평판이 추가됩니다 평판 레벨에 따라 생명력 마나 스태미나가 증가됩니다 신규 평판은 50레벨을 끝까지 달성 시 생명력 마나 스태미나를 랜덤한 수치로 획득할 수 있으며 원하는 수치를 달성할 때까지 50레벨 구간을 반복 진행할 수 있습니다 평판 일일 경험치 최대 달성 시 시스템 메시지가 최초 1회만 나오도록 개선됩니다 수정 사항 사관학교 중급부 교복(여성용) 착용 시 일부 신발이 비정상적으로 보이던 문제가 수정됩니다 자이언트 남성 캐릭터가 사관학교 승마 부츠(남성용) 착용 시 사관학교 승마 부츠(여성용)으로 보이던 문제가 수정됩니다 사관학교 승마 장 아이템이 드레스룸에 수집되지 않던 문제가 수정됩니다 사관학교 승마복(여성용) 모션 중 사관학교 승마 부츠(여성용)이 비정상적으로 보이던 문제가 수정됩니다 사관학교 중급부 교복(남성용) 아이템을 떨어뜨렸을 때 비정상적으로 보이던 문제가 수정됩니다 에르그 효과 중 경직 저항 확률 증가 효과가 적용될 때 입는 대미지가 비정상적으로 감소하던 문제가 수정됩니다 파이어 스킬을 연속으로 사용할 때 공격에 실패하던 문제가 수정됩니다 설치된 아이스 마을 공격 시 캐릭터가 굳던 문제가 수정됩니다 페카 하급 던전 보스 몬스터인 반시의 전투력이 던전 난이도에 맞게 수정됩니다 탐험 퀘스트 샐러맨더 사 보상에 꺼지지 않는 불이 추가됩니다 쿠르클레 발굴 수첩 8의 완성 보상이 승리의 라이트닝 원에서 꿈의 조으로 변경됩니다 자이언트 캐릭터가 요리 스킬 사용 시 모션이 어색했던 문제가 수정됩니다 동물 캐릭터의 부스터 사운드가 계속 남아있던 문제가 수정됩니다 인벤토리에 갖고 있던 응원 미터 응원의 기 겨울 운동회 참여 증 오늘의 퀴즈왕 증 아이템이 삭제됩니다감사합니다
20170119 11:03,공 0119(목) 정식 서버 패치 변경점 안내,니치크,안녕하세요마비노기 입니다2017년 01월 19일(목)패치로 변경되는 내용은 다음과 같습니다더 가져 그랜드마스터 이벤트가 시작됩니다 공지 바로가 한 캐릭터가 다수의 그랜드마스터를 보유할 수 있도록 변경됩니다 각각 재능의 그랜드마스터 단계에서 받을 수 있는 능력치가 중첩 적용됩니다 그랜드마스터 전용 효과가 추가됩니다 그랜드마스터 달성 시 해당 재능의 전용 효과를 획득할 수 있으며 달성한 재능의 전용 효과가 자동으로 활성화됩니다 한 번에 하나의 전용 효과만 활성화할 수 있습니다 전용 효과는 재능 정보창에서 AP를 사용하여 변경할 수 있습니다 전용 효과 활성화 시 다음 효과를 받을 수 있습니다 (단 전투 재능의 경우 재능에 알맞은 무기를 착용해야 합니다)근접 전투근접 무기 최소 대미지 30 증가근접 무기 최대 대미지 30 증가마법마법 공격력 20 증가궁술활 석궁 최소 대미지 30 증가활 석궁 최대 대미지 30 증가전투 연금술바람 흙 속성 연금술 대미지 30 증가불 속성 연금술 대미지 20 증가물 속성 연금술 대미지 15 증가프로즌 블래스트 범위 10도 증가프로즌 블래스트 지속 시간 3초 증가격투술너클 최소 대미지 30증가너클 최대 대미지 30증가인형술핸들 최소 대미지 30 증가핸들 최대 대미지 30 증가마리오네트 방어 1 증가마리오네트 최대 생명력 65 증가랜스랜스 최소 대미지 30 증가랜스 최대 대미지 30 증가슈터듀얼 건 최소 대미지 15 증가듀얼 건 최대 대미지 12 증가닌자수리검 최소 대미지 30 증가수리검 최대 대미지 30 증가여행탐험 경험치 50 증가무역교역 무게 100 증가교역 인벤토리 1 증가음악음악 버프 스킬 효과 5 증가음악 버프 스킬 지속시간 30 증가축복펫 전투 경험치 50 증가파티 전투 경험치 50 증가연성 연금술스태미나 소비 감소 15 증가마나 소비 감소 11 증가결정제작 분해 합성 성공률 5 증가음식자신이 설치한 축제요리를 먹은 모든 캐릭터의효과 유지 시간 600초 증가대장 기술무기 장비 제작 시 제작 보너스 획득재단천옷만들기 방직 스킬 사용 성공 시확률에 따라 재료 아이템 일부 돌려받음약품 연구포션 조제 시 완성품 추가 획득목공 기술무기 제작 시 제작 보너스 획득 그랜드마스터 달성 과정이 개선됩니다 일부 재능에 그랜드마스터 신규 미션이 추가됩니다 (축복 음악 연성 연금술 무역 목공 기술 전투 연금술) 미션 3개 수령 후에도 골드를 소모하여 추가 미션을 받을 수 있도록 개선됩니다 (단 하루에 1개 재능 군의 그랜드마스터만 달성할 수 있습니다) 해당 재능 그랜드마스터 미션을 보유하고 있는 경우 추가 퀘스트를 받을 수 없습니다 그랜드마스터 저널이 추가됩니다 그랜드마스터를 1개 5개 10개 15개 달성 시 저널을 획득할 수 있습니다 재능 정보창이 개선됩니다 재능 정보창에서 다음 재능 단계의 효과를 미리 확인할 수 있게 됩니다 캐릭터 정보창에서 현재 수련 중인 재능 명을 클릭하면 해당 재능의 정보가 보입니다 수정 사항 흥정 인챈트가 교역품 구매 할인율 증가가 아닌 신용도 상승률 증가 효과를 주고 있던 문제가 수정됩니다 인간 엘프 남자 캐릭터가 서리꽃 날 4종 아이템을 착용했을 때 이펙트가 보이지 않던 문제가 수정됩니다 근접 전투 그랜드마스터 미션 중 오거 처치 퀘스트 진행 시 아본 연극 미션에 출현하는 스켈레톤 오거를 처치해도 퀘스트가 진행되지 않던 문제가 수정됩니다 그랜드마스터의 퀘스트를 받을 때 NPC 레자르 근처로 가는 푸른 여신의 날가 지급되도록 변경됩니다 기존 그랜드마스터 미션의 퀘스트 아이콘이 잘못 설정되어 있던 문제가 수정됩니다 근접 전투 재능 1인 미션 클리어 재단 재능 굵은 실뭉치 50개 방직 슈터 그랜드마스터 미션의 일부 오탈자가 수정됩니다 스마트 콘텐츠에 있는 그랜드마스터 관련 설명이 수정됩니다 시드 피나 던전에서 인형술 스킬 사용 중 침묵의 형 몬스터와 부딪히면 핸들 미착용 상태에서도 마리오네트를 조종할 수 있던 문제가 수정됩니다 현재 레벨이 70 이하인 경우에 시드 피나 재입장이 가능했던 문제가 수정됩니다 켈틱 리스트릭트 핸 착용 후 무기 스왑 시 발생하던 끊김 현상이 수정됩니다 게임 내 끊김 현상이 전반적으로 완화됩니다 인간 엘프 캐릭터가 이글루 낚시 의 아이템 사용 시 물개가 비정상적으로 보이던 문제가 수정됩니다 캐릭터가 착용한 아이템을 대상으로 지정하여 일부 스킬(힐링 스파크 등)을 사용할 수 없던 문제가 수정됩니다 헤어밴드 꼬리 헤일로 악세서리류 아이템 일부감사합니다
20160414 12:17,공 수0414(목) 정식 서버 패치 작업 변경점 안내,니치크,안녕하세요마비노기 입니다2016년 04월 14일(목)패치로 변경되는 내용은 다음과 같습니다 에린 출석 체크 릴레이 이벤트가 진행됩니다 이벤트 페이 지난 에린 출석 체크 이벤트 아이템인 에린 출석 체크 스크을 보유하고 있는 경우 해당 아이템이 삭제 됩니다 교환 요청을 받은 상태로 염색을 시도하면 색상 정보를 준비중입니다라는 팝업이 뜨며 염색이 되지 않던 문제가 수정됩니다 은행 비밀번호가 있는 경우 가판대 물품 구매 시 은행 직거래가 되지 않던 문제가 수정됩니다 인형가방에게 음식을 제외한 아이템을 줄 수 있던 문제가 수정됩니다 미니게임 도중 메시지를 보낼 수 있던 문제가 수정됩니다 소모성 아이템에 피어싱 효과가 적용되던 문제가 수정됩니다 장비 보여주기 옵션이 꺼져있을 경우 일부 변신 이미지가 비정상적으로 보이던 문제가 수정됩니다 캐주얼 스트리트 부와 발목까지 덮는 의상로브 착용시 신발 한쪽 굽이 사라지던 문제가 수정됩니다 큐리어스 앨리스 슈 착용 시 비정상적으로 보이던 문제가 수정됩니다감사합니다
20141218 12:15,공 1218(목) 정식 서버 패치 작업 변경점 안내,니치크,안녕하세요마비노기 입니다2014년 12월 18일(목)패치로 변경되는 내용은 다음과 같습니다 크리마스 이벤트가 시작됩니다 공지 바로가 에린 겨울 캠프 이벤트가 시작됩니다 공지 바로가 근접전투 재능 개편 이벤트가 시작됩니다 공지 바로가근접전투 재능 개편 업데이트가 진행됩니다 근접전투 재능용 신규 스킬이 추가됩니다 레이지 임팩트 배쉬 듀얼 웨폰 마스터리 기존 스킬이 다음과 같이 변경됩니다스매 스킬 사용 시 무기에 따라 일정 확률로 효과가 적용됩니다 도검류 : 5초간 출혈 효과가 적용됩니다 둔기류 : 마법 연금술을 사용하지 못하게 만듭니다 도끼류 : 방어 보호가 감소합니다디펜 방패를 장비하면 디펜스 스킬을 쓴 상태로 달릴 수 있습니다카운터 어 근접 무기를 장비하면 카운터 어택을 쓴 상태로 걸을 수 있습니다헤비라이트 아머 마스터 헤비라이트 아머 마스터리의 방어 및 마법방어 수치가 증가합니다파이널 히 파이널 히트 스킬 사용 시 공격 속도와 대미지가 증가합니다 유저 캐릭터가 다운되어도 파이널 히트 스킬 상태가 해제되지 않습니다 파이널 히트 상태에서도 포션이나 음식을 먹을 수 있습니다 파이널 히트 스킬의 대미지가 증가합니다다운 어택 돌 스킬 사용 시 타격 위치의 주변 몬스터에게도 대미지가 적용됩니다(검 도끼 둔기류 무기장착 시에만 해당)자이언트 풀 스 스킬 재 사용 대기 시간이 짧아졌습니다 발구르기 스킬 시전 후 자동으로 발동되며 사정거리와 대미지가 증가됩니다 신규 인챈트가 추가됩니다 신규 한손 무기 인챈트 10종이 추가됩니다 신규 인챈트는 울라 던전 보상으로 획득할 수 있습니다 신규 근접 전투 전용 무기 9종이 추가됩니다신규 한손검 켈틱 로열 나이트 소드신규 한손 둔기 켈틱 로열 워 해머신규 양손 둔기 켈틱 로열 워리어 해머신규 한손 도끼 켈틱 로열 배틀 액스신규 양손 도끼 켈틱 로열 워리어 액스신규 한손 둔기 켈틱 워 해머신규 양손 둔기 켈틱 워리어 해머신규 한손 도끼 켈틱 배틀 액스신규 양손 도끼 켈틱 워리어 액스 신규 근접 전투 전용 무기는 블랙스미스 스킬로 제작할 수 있으며 재료 아이템 중 일부는 울라 던전과 그림자 미션 보상으로 획득할 수 있습니다 신규 근접 전투 전용 무기의 도면은 길모어가 판매합니다 크리스마스 이벤트 기간에 울라 대륙과 피시스 지역에 비 대신 눈이 내립니다 대쉬 펀치 배우기 퀘스트를 완료하여도 스크류 어퍼 배우기 퀘스트를 받을 수 없던 문제가 수정됩니다 레인 캐스팅에 미니돌 및 가방인형이 번개에 맞는 현상이 수정됩니다 레인 캐스팅 범위 내에 있는 몬스터들이 캐릭터를 인식했던 문제가 수정됩니다 사도 레이드 기르가의 처형 상태시 저지먼트 블레이드의 대미지가 정상적으로 적용되지 않는 문제가 수정됩니다 셀레스티얼 스파이크 스킬로 피니시 상태가 아닌 적을 죽일 시 경험치를 얻을 수 없는 문제가 수정됩니다 셀레스티얼 스파이크로 피니쉬 공격을 한 이후에 다른 스킬로 피니쉬 공격을 할 경우 경험치를 중복으로 받는 문제 수정됩니다감사합니다
20141205 12:23,공 1205(금) 테스트 서버 패치 작업 변경점 안내,니치크,안녕하세요마비노기 입니다2014년 12월 05일(금)패치로 변경되는 내용은 다음과 같습니다 근접전투 재능용 신규 스킬이 추가됩니다 공지 바로가 레이지 임팩트 스킬이 추가됩니다 배쉬 스킬이 추가됩니다 듀얼 웨폰 마스터리 스킬이 추가됩니다 기존 스킬이 다음과 같이 변경됩니다디펜스 스 방패를 장비하면 디펜스 스킬을 쓴 상태로 달릴 수 있습니다카운터 어택 스 근접 무기를 장비하면 카운터 어택을 쓴 상태로 걸을 수 있습니다헤비라이트 아머 마스터 헤비라이트 아머 마스터리의 방어 및 마법방어 수치가 증가합니다파이널 히 유저 캐릭터가 다운되어도 파이널 히트 스킬 상태가 해제되지 않습니다 파이널 히트 상태에서도 포션이나 음식을 먹을 수 있습니다 파이널 히트 스킬의 대미지가 증가합니다 신규 인챈트가 추가됩니다 신규 한손 무기 인챈트 10종이 추가됩니다 신규 인챈트는 울라 던전 보상으로 획득할 수 있습니다감사합니다
20140508 12:17,공 0508(목) 정식 서버 패치 작업 변경점 안내,니치크,안녕하세요마비노기 입니다2014년 5월 8일(목)패치로 변경되는 내용은 다음과 같습니다더 좋은 에린 생활을 위한 UI 개 드레스룸에 수집 가능한 아이템 보 기능이 추가됩니다 인벤토리 오른쪽 위에 모으 기능이 추가되어 같은 종류의 아이템을 자동으로 모을 수 있도록 변경됩니다 인벤토리에 있는 아이템과 현재 착용하고 있는 아이템을 비교할 수 있는 기능이 추가 됩니다 쌍검과 같이 양손 장착 가능 아이템의 경우 양쪽 슬롯에 아이템을 장착한 상태에서 왼쪽 쉬프트키를 이용하면 두 아이템의 툴팁을 비교 할 수 있습니다 장비류 아이템을 인벤토리에서 컨트롤 클하면 자동 장착해제 되도록 변경됩니다 새롭게 획득한 아이템 강조하 기능이 추가 됩니다 (환경설정 게임 기타에서 기능을 설정해제 할 수 있습니다)버그 수 하이드라 연성 스킬로 교역 약탈탄을 처치하면 빼앗긴 교역품을 돌려받지 못하던 문제가 수정됩니다 교역시 약탈자 등장 후 파티생성탈퇴를 재빨리하면 최하급 약탈단만 나오던 문제가 수정됩니다 뗏목 나오존에서 키보드로 이동가능 하도록 변경됩니다 초코와플 드레스를 착용한 상태로 죽은 척 액션을 사용하면 눈을 뜨고 있던 문제가 수정됩니다 제로 영웅인 트레저 헌터 캐릭터 생성 시 회피가 연습랭크로 주어져 승급할 수 없었던 문제가 수정됩니다 제로 재능을 선택하여 관련 스킬을 이미 획득한 캐릭터에게 스킬 습득 퀘스트가 지급되던 문제가 수정됩니다 장비 판매 통일 패치 이후 무기점에서 가디언 보우 시미터 브리건딘 노르만 워리어 아머 구매할 수 없던 문제가 수정됩니다 디바 2차 타이틀 효과 중 음악 버프 스킬 효과가 로 표기되었던 문제가 수정됩니다 푸른 개조석(이벤트)의 아이템 설명이 잘못된 문제가 수정됩니다 메이즈 평원 상급 던전의 보상이 메이즈 평원 유물 상자 고급으로 나오도록 수정됩니다 휴식 스킬 중에는 동물 캐릭터 알파카를 들 수 없도록 수정됩니다 낭만 비행 사용 중에는 마리오네트를 소환할 수 없도록 변경됩니다 비정상적인 뗏목 구간에서 위기탈출 스킬의 수련치를 획득할 수 있었던 문제가 수정됩니다 합성에 실패할 경우 재료가 소모되지 않던 문제가 수정됩니다 일부 NPC의 우클릭 메뉴에 타기 메뉴가 있어 비행 액션을 할 수 있던 문제가 수정됩니다 G9 마지막을 향한 전투 그림자 미션 중 3명 NPC가 죽지 않았으나 미션 실패처리 되던 문제가 수정됩니다 코일 페카 상급 던전 세 번째 방의 마지막 몬스터를 크로스 버스터 스킬로 처치할 경우 보스방에 입장할 수 없는 문제 수정됩니다 긴급 탈출 폭탄으로 매직 웨폰 마스터리 수련치를 올릴 수 있던 문제가 수정됩니다 비행 중 동물 캐릭터가 소환 해제되어 착지한 후에도 비행용 미니맵이 유지되던 문제가 수정됩니다 컨디션 표시가 생명력 표시 바를 가려 생명력 확인이 어려웠던 문제가 수정됩니다 NPC와 대화 중일 경우 음식을 섭취할 수 없도록 변경됩니다 드림캐처 변신 상태인 캐릭터를 낭만농장에서 추방할 수 없었던 문제가 수정됩니다 격투술 스킬 사용 시 방호벽을 사이로 두고 스킬 사용 시 몬스터 공격이 가능했던 문제 수정됩니다 자신에게 스파크 스킬을 사용한 다음 광란의 질주 스킬 사용 시 시전이 취소되던 문제가 수정됩니다 타워실린더를 설치 후 연금술 사용 시 숙련도 상승 및 내구도 감소가 적용되지 않던 문제 수정됩니다 자이언트 캐릭터의 던지기 스킬에서 세공 대미지 증가 효과가 적용되지 않던 문제가 수정됩니다 마력탄을 동물 캐릭터 인벤토리에 넣은 상태로 리로드하면 스킬 트리거가 동작했던 문제가 수정됩니다 핸디 크래프트 스킬로 가벼운 종이 제작 시 가벼운 종이가 재료로 인식되었던 문제가 수정됩니다 매직 크래프트 스킬로 랑그히리스 체이서 제작 시 재료가 잘못 인식되던 문제가 수정됩니다 자장가 스킬로 잠든 상태에서 레인 캐스팅 스킬의 번개에 대미지를 입으면 잠든 상태가 해제되도록 수정됩니다 몬스터에게 라이프 드레인 스킬로 공격 당할 시 대륙 이동이 가능했던 문제가 수정됩니다 비극의 음유시 퀘스트가 도착하지 않아 G13 메인스트림을 진행할 수 없었던 문제가 수정됩니다 중갑옷과 천옷을 연속으로 바꿔가며 착용하면 비정상적으로 오토디펜스가 발동하던 문제가 수정됩니다 낭만 농장에서 캠프파이어를 통해 요리 스킬 사용 시 사념파가 잘못 출력되었던 문제가 수정됩니다 두 캐릭터가 현혹의 연주 스킬을 중 한 캐릭터가 취소할 경우 현혹된 몬스터가 스킬을 취소한 캐릭터에게 공격하던 문제가 수정됩니다 와이어 풀링 및 와이어 바인딩 스킬의 쿨타임이 진행 중인 상태에서 스킬을 사용할 수 있었던 문제가 수정됩니다 헤일스톰 지속시간이 10초 이하로 남았을 때 스킬을 재사용해도 스킬이 취소되지 않도록 수정됩니다 샌드 버스트 스킬의 수련치가 수련 조건에 맞지 않아도 상승되었던 문제가 수정됩니다 행동불능 창에서 이 자리에서 부활한 선택하여 부활한 뒤 또 다시 행동불능이 되었을때 이대로 구조를 기다린 누르면 부활 쿨타임이 초기화 되던 문제가 수정됩니다감사합니다
20140424 11:30,공 0424(목) 테스트 서버 패치 작업 변경점 안내,리쥬벤,안녕하세요마비노기 입니다2014년 4월 24일(목)패치로 변경되는 내용은 다음과 같습니다 초코와플 드레스를 착용한 상태로 죽은 척 액션을 사용하면 눈을 뜨고 있던 문제가 수정됩니다 장비 판매 통일 패치 이후 무기점에서 일부 아이템을 구매할 수 없던 문제가 수정됩니다 디바 2차 타이틀 효과 중 음악 버프 스킬 효과가 로 표기되었던 문제가 수정됩니다 푸른 개조석(이벤트)의 아이템 설명이 잘못된 문제가 수정됩니다 메이즈 평원 상급 던전의 보상이 메이즈 평원 유물 상자 고급으로 나오도록 수정됩니다 낭만 비행 사용 중에는 마리오네트를 소환할 수 없도록 변경됩니다 비정상적인 뗏목 구간에서 위기탈출 스킬의 수련치를 획득할 수 있었던 문제가 수정됩니다 합성에 실패할 경우 재료가 소모되지 않던 문제가 수정됩니다 일부 NPC의 우클릭 메뉴에 타기 메뉴가 있어 비행 액션을 할 수 있던 문제가 수정됩니다 G9 마지막을 향한 전투 그림자 미션 중 3명 NPC가 죽지 않았으나 미션 실패처리 되던 문제가 수정됩니다 코일 페카 상급 던전 세 번째 방의 마지막 몬스터를 크로스 버스터 스킬로 처치할 경우 보스방에 입장할 수 없는 문제 수정됩니다 긴급 탈출 폭탄으로 매직 웨폰 마스터리 수련치를 올릴 수 있던 문제가 수정됩니다 컨디션 표시가 생명력 표시 바를 가려 생명력 확인이 어려웠던 문제가 수정됩니다 NPC와 대화 중일 경우 음식을 섭취할 수 없도록 변경됩니다 드림캐처 변신 상태인 캐릭터를 낭만농장에서 추방할 수 없었던 문제가 수정됩니다 격투술 스킬 사용 시 방호벽을 사이로 두고 스킬 사용 시 몬스터 공격이 가능했던 문제 수정됩니다 자신에게 스파크 스킬을 사용한 다음 광란의 질주 스킬 사용 시 시전이 취소되던 문제가 수정됩니다 타워실린더를 설치 후 연금술 사용 시 숙련도 상승 및 내구도 감소가 적용되지 않던 문제 수정됩니다 자이언트 캐릭터의 던지기 스킬에서 세공 대미지 증가 효과가 적용되지 않던 문제가 수정됩니다 마력탄을 동물 캐릭터 인벤토리에 넣은 상태로 리로드하면 스킬 트리거가 동작했던 문제가 수정됩니다 핸디 크래프트 스킬로 가벼운 종이 제작 시 가벼운 종이가 재료로 인식되었던 문제가 수정됩니다 매직 크래프트 스킬로 랑그히리스 체이서 제작 시 재료가 잘못 인식되던 문제가 수정됩니다 자장가 스킬로 잠든 상태에서 레인 캐스팅 스킬의 번개에 대미지를 입으면 잠든 상태가 해제되도록 수정됩니다 몬스터에게 라이프 드레인 스킬로 공격 당할 시 대륙 이동이 가능했던 문제가 수정됩니다 낭만 농장에서 캠프파이어를 통해 요리 스킬 사용 시 사념파가 잘못 출력되었던 문제가 수정됩니다 두 캐릭터가 현혹의 연주 스킬을 중 한 캐릭터가 취소할 경우 현혹된 몬스터가 스킬을 취소한 캐릭터에게 공격하던 문제가 수정됩니다 와이어 풀링 및 와이어 바인딩 스킬의 쿨타임이 진행 중인 상태에서 스킬을 사용할 수 있었던 문제가 수정됩니다 헤일스톰 지속시간이 10초 이하로 남았을 때 스킬을 재사용해도 스킬이 취소되지 않도록 수정됩니다 샌드 버스트 스킬의 수련치가 수련 조건에 맞지 않아도 상승되었던 문제가 수정됩니다 테스트를 위한 내용으로 정식 서버 투입 시일부 내용이 변경 또는 투입이 되지 않을 수 있습니다감사합니다
20110906 18:59,공 (내용 추가)에린 무도 대회 업데이트 변경점 안내,비르젠,안녕하세요마비노기 운영팀입니다2011년 9월 6일 화요일에 투입된에린 무도 대회 업데이트 변경점은 다음과 같습니다 아본에 새로운 미션 에린 무도 대회가 추가됩니다 NPC 말로에게서 미션 통행증을 구입할 수 있습니다 마나와 관련한 일부 기능이 추가 또는 변경됩니다 원드를 장비 해제하여도 마나가 증발하지 않도록 변경되며 원드 아이템의 설명이 수정됩니다 메디테이션의 마나 회복량이 상향됩니다 마도서의 마나 증발 완화 기능이 마나 회복량을 증가시켜 주는 기능으로 변경됩니다 마나 보존석은 마나포션처럼 사용할 수 있고 마나 보존석을 생산할 수 없도록 변경됩니다 마나 증발을 방지하는 일부 개조식이 제외되거나 다른 효과를 가진 개조식으로 대체됩니다 어드밴스드 아이템으로 마법 공격력 증가 포션이 마나 엘릭서를 대신하게 됩니다 중간 사이즈 아이템 가방에 가방 태그 설정 기능이 추가됩니다 가방 태그 설정 기능을 사용하면 아이템 획득 시 설정해 놓은 가방으로 모아줍니다 악보 허브 보석 등 특정 아이템만을 넣을 수 있는 전용 가방이 추가 됩니다 새로운 정령 무기가 추가됩니다 글로리소드 드래곤투스 만도 숙련자용 목도 등 총 22종의 무기에 정령 계약이 가능합니다 정령 무기 이전 기능이 추가됩니다 정령 무기를 소지한 상태로 게임에 접속하면 관련 퀘스트를 받을 수 있습니다 정령 무기 이전 관련 아이템은 베이릭시드 도렌을 통해 구입이 가능합니다 지력의 영향을 받던 블레이즈 스킬의 폭발 대미지가 마법 공격력의 영향을 받도록 변경됩니다 교역소의 상점에 새로운 상품이 추가됩니다 전설의 무기 칼라드볼그를 비롯하여 이미 세공된 아이템을 복원할 수 있는 세공 복구 도구 등을 살 수 있습니다 악기 연주 반복 기능이 추가됩니다 게임 내 환경 설정 게임 조작 탭에서 설정할 수 있습니다 힐러집 연금술용품점 등에서 판매하는 아이템의 최대 갯수가 증가됩니다 각종 붕대 피닉스의 깃털 아라트의 결정의 한 묶음당 합칠 수 있는 양이 증가합니다 특정 타이틀이 없어도 타라 왕성에 입장 가능하도록 변경됩니다 교역 중 임프의 대화창에 마우스를 올리면 닫히도록 변경됩니다 타라 무기점 남쪽에 우물이 추가됩니다 단단한 껍데기 마법 악보 효과의 밸런스가 조정되어 기존의 50 정도 낮은 효과를 발동합니다 세공과 관련된 일부 문제가 수정됩니다 몇몇 아이템을 세공할 수 없던 문제가 수정됩니다 세공 옵션 중 수련치 증가 효과가 재접속시 적용되지 않던 문제가 수정됩니다 방패없이 돌진 가능 세공 옵션의 효과가 비정상적으로 적용되던 문제가 수정됩니다 정령 무기를 왼손에 장비할 경우 실체화 스킬을 사용할 수 없던 문제가 수정됩니다 포만감이 가득찬 정령무기에 아이템을 계속 줄 수 있던 문제가 수정됩니다 테흐라 베놈 소드의 특수 기능이 정상적으로 적용되지 않던 문제가 수정됩니다 파이어 원드 사용 시 특정 상황에서 이펙트가 비정상적으로 보이던 문제가 수정됩니다 파이어볼 아이스 스피어 썬더 스킬 사용시 일부 상황에서 대미지가 비정상적으로 증가하던 문제가 수정됩니다 메디테이션 사용중 이웨카가 뜨면 마나 회복 수치가 정상적으로 보이지 않던 문제가 수정됩니다 타워실린더를 비정상적인 모습으로 착용하던 문제가 수정됩니다 동물 캐릭터로 접속 시 인벤토리에 두카트 창이 나오던 문제가 수정됩니다 스태틱 골드 콤보 카드 효과가 정상적으로 적용되지 않던 문제가 수정됩니다 하우징 채널에서 낭만 농장으로 입장할 수 없던 문제가 수정됩니다 일부 상황에서 스킬창을 열면 오류 사념파가 나오던 문제가 수정됩니다 캠프 쉐어링을 할 때 음식 효과의 지속 시간 사념파가 일부 비정상적으로 나타나던 문제가 수정됩니다 키리네룩 헤어의 여자 자이언트 캐릭터가 젖소로브를 착용했을 때 그래픽이 어색하던 문제가 수정됩니다 타라 무기점의 일부만 보이던 문제가 수정됩니다 티르 코네일에서 물을 뜰 수 없던 문제가 수정됩니다감사합니다 
20101115 13:01,공 열세 번째 제네레이션 시즌2 변경점 안내,일리쉬,안녕하세요마비노기 운영팀입니다2010년 11월 15일 월요일에 투입된열세 번째 제네레이션 시즌2 패치로 변경되는 내용은 다음과 같습니다 콤보 카드가 투입됩니다 콤보 카드에 적혀 있는 순서대로 스킬을 사용하면 더 강한 대미지로 공격할 수 있습니다 콤보 카드에는 일반 콤보 카드와 스킬이 고정되어 있는 골드 콤보 카드가 있습니다 일부 그림자 미션 및 울라 하드모드 던전에서 특정 확률로 콤보 카드를 획득할 수 있습니다 초보자 계정의 신규 혜택이 추가됩니다 NPC 던컨과 대화하여 E랭크 이상의 스킬을 한번에 F랭크로 초기화 할 수 있게 됩니다 1일 1회 환생이 가능 하도록 추가 됩니다 탐험누적레벨이 100이 넘으면 1일 1회 환생을 할 수 없습니다 1일 3개의 초보자용 나오의 영혼석을 지급 받도록 추가 됩니다 무료 서러브레드(7일)의 동물 캐릭터 카드가 1회 지급됩니다 초보자 혜택의 적용 누적 레벨이 49에서 99로 변경됩니다 오늘의 미션이 추가됩니다 오늘의 미션으로 정해진 그림자 미션을 플레이 하면 보상이 증가 합니다 현실 시간으로 하루에 한 번만 받을 수 있습니다 프리미엄 PC방 혜택이 추가 됩니다 NPC 샤이에게 전용 포션 PC방 전용 통행증 등의 물품을 구입할 수 있습니다 PC방 전용 던전을 플레이할 수 있으며 추가 보상을 받을 수 있습니다 대륙 이동을 제한 없이 할 수 있습니다 장비의 내구도가 덜 줄어듭니다 게임 편의 기능이 개선 됩니다 마비노기 메뉴 버튼이 변경 됩니다 ESC 키를 사용하여 다양한 정보창을 닫을 수 있게 됩니다 NPC와의 대화를 스페이스바로 진행 할 수 있게 변경 됩니다 신규 캐릭터 생성 시 기본 채널이 선택 됩니다 마비노기 설치 시 기본 인터페이스가 회색 투명으로 변경 됩니다 일부 그림자 미션의 보상 경험치가 조정됩니다 뗏목 열기구 마창대회 경매장 등의 보상 및 아이템이 일부 변경됩니다 보우 크로스보우 마스터리가 추가됩니다 현혹의 연주 스킬이 강화됩니다 엘리트 난이도 연극 미션 클리어 등 새로운 저널이 추가됩니다 페카 던전의 데미리치 반시가 소환하는 고스트에게 경험치와 골드를 획득할 수 없도록 변경됩니다 뗏목 열기구 등에 탑승하여 이동 중일 때는 내릴 수 없도록 변경됩니다 뗏목 열기구의 보상을 특정 상황에서 비정상적으로 받던 문제가 수정됩니다 캠프셰어링 시 음식을 나눠주는 캐릭터는 보너스 능력치를 받을 수 없던 문제가 수정됩니다 캠프셰어링 저널을 받을 수 없던 문제가 수정됩니다 그림 리퍼가 보이지 않는 상태로 공격하던 문제가 수정됩니다 팔라딘다크나이트 등의 변신 스킬 사용 후 타이틀을 변경할 수 없던 문제가 수정됩니다 현혹의 연주 스킬 사용 후 골렘을 조정하면 테이밍이 풀린 몬스터에게 캐릭터가 공격당해도 컨트롤이 돌아가지 않던 문제가 수정됩니다 모리안 서버에서만 발생하던 문제가 수정됩니다 일부 몬스터(홉고블린 와이번 등)가 비정상적인 대미지로 공격하던 문제가 수정됩니다 날씨에 따라 변경되는 효과가 정상적으로 적용이 되지 않던 문제가 수정됩니다감사합니다
20100430 12:58,공 열두 번째 제네레이션 시즌2 변경점 안내,티이케,안녕하세요마비노기 운영팀입니다2010년 4월 30일 금요일에 투입된열두 번째 제네레이션 시즌2 패치로 변경되는 내용은 다음과 같습니다 자이언트 캐릭터의 외형과 모션이 새롭게 추가 및 변경됩니다 남자 자이언트 캐릭터는 체형과 얼굴 모두 변경됩니다 여자 자이언트 캐릭터는 얼굴이 변경됩니다 기존의 자이언트 얼굴도 선택할 수 있습니다 자이언트의 새로운 얼굴 머리 눈 모양이 추가됩니다 기존에 생성된 자이언트 캐릭터는 NPC 크루크와 대화를 통하여 1회에 한해서 외형 변경 환생을 진행할 수 있습니다 새로운 원거리 공격 스킬 크래시 샷이 추가됩니다 서포트 샷 스킬의 기능이 개선됩니다 던지기 공격 스킬이 상향 조정됩니다 일부 스킬의 랭크 제한이 해제됩니다 컨트롤 오브 다크니스 스킬의 랭크 제한이 해제됩니다 타운트 스킬의 랭크 제한이 해제됩니다 서포트 샷 스킬의 랭크 제한이 해제됩니다 던지기 공격 스킬의 랭크 제한이 해제됩니다 스킬 사용 시 남아 있는 화살의 수와 연금술 스킬 관련 결정 수 표시가 추가됩니다 팔리아스 보상으로 경험치가 추가됩니다 파티원도 일정 확률로 이데아 상태의 보물을 얻을 수 있습니다 새로운 팔리아스 보물이 추가됩니다 원격으로 원드를 수리할 수 있는 새로운 어드밴스드 아이템이 추가됩니다 던바튼 도서관에서 챕터 3 메인스트림 컷신을 볼 수 있도록 추가됩니다 글루아스 연대기를 볼 수 있는 새로운 요리가 추가됩니다 많은 옷을 보관할 수 있는 하우징 옷장이 추가됩니다 연금술 결정 가방이 추가됩니다 연금술용품점 NPC에게 구입할 수 있습니다 캠프 셰어링이 일부 변경됩니다 사람 수에 따른 음식 효과가 상향 조정됩니다 셰어링 전용 모션이 추가됩니다 단축키 그룹 기능이 추가됩니다 던전 그림자 미션 클리어 저널이 추가됩니다 타라 지역의 마법용품점 무기점 연금술용품점 잡화점 실내가 추가됩니다 월드 입장 시 로딩 화면이 추가됩니다 잡화점에 주사위 아이템이 추가됩니다 피시스 지역의 날씨가 일부 변경됩니다 윈드 브레이커 스킬 사용 중 방패의 방어 효과가 적용되도록 변경됩니다 타라 은행 아르바이트 보상 목록에 항상 팔리아스 조각이 포함되도록 변경됩니다 그림자 미션 종료 후 현실 세계로 나오는 위치가 스톤 헨지 바깥으로 변경됩니다 일부 메인스트림 미션의 난이도가 감소합니다 필드에서 반복적으로 사냥하거나 내구가 0인 무기로 사냥할 경우 아이템을 얻기가 어려워지도록 변경됩니다 롱 자벨린 묶음을 타라 탈틴 발레스 무기상점 NPC가 판매하도록 변경됩니다 왕정 연금술사 선정 방식이 일부 변경됩니다 다크나이트 해제 상태 전에는 라이프 드레인 스킬을 사용할 수 있도록 변경됩니다 회피 스킬로 일부 연금술 공격 스킬을 피할 수 있도록 변경됩니다 자이언트 캐릭터도 야생마와 야생타조를 탈 수 있도록 변경됩니다 SOS 요청 시 대립 종족을 소환하던 문제가 수정됩니다 방호벽 설치 시 일부 인챈트의 효과가 정상적으로 적용되지 않던 문제가 수정됩니다감사합니다
20090724 12:30,공 724(금) 정식서버 패치 변경점 안내,헤르티,"안녕하세요마비노기 운영팀입니다724(금) 패치작업으로 변경된 사항 안내드립니다 불량 유저 신고 기능이 추가됩니다 채팅창을 열어 불량 유저 신고 기능을 사용할 수 있습니다 신고하기를 누르면 자동적으로 신고가 접수됩니다 자동 무기 슬롯 전환 옵션에 미라지 미사일 골렘 연성 스킬이 추가됩니다 요리 던전의 난이도가 조금 더 쉬워지도록 변경됩니다 왕성 그림자 미션 플레이 관련 일부가 변경 또는 수정됩니다 일부 퍼즐에서 몬스터를 모두 처리하기 전에는 문이 열리지 않도록 변경됩니다 ""또 다른 연금술사""의 클리어 경험치와 골드를 기존보다 더 받을 수 있도록 변경됩니다 왕성 그림자 미션의 철창을 NPC가 철창을 통과하지 못하고 순간이동하는 문제가 수정됩니다 켈베로스가 발사하는 볼트류 마법 스킬의 대미지가 증가합니다 NPC와 함께 진행하는 그림자 미션 진행 시 회피 스킬을 이용하여 NPC와 멀어지는 경우 NPC가 캐릭터를 따라오지 않던 문제가 수정됩니다 행동불능 상태로 같은 지역 내에서 캐릭터가 이동하면 행동불능 시 떨어진 아이템도 같이 이동되도록 변경됩니다 새도우 오브 스피리트 영혼 소비량이 이전보다 줄어들도록 변경됩니다 벌집을 따서 로열 젤리를 얻을 확률이 기존보다 높아지도록 변경됩니다 ""해의"" 인챈트를 클라우스 목재 건틀렛 롱 레더 글러브에도 인챈트 할 수 있도록 변경됩니다 조련 스킬 사용 도중 아이템을 집을 수 있도록 변경됩니다 길드홀에 설치되는 길드석이 기존과 다른 모양으로 변경됩니다 골렘을 소환한 상태로 조정은 하지 않고 있을 때 영혼의 결정 사용 시 골렘이 사라지면 던전 진행이 어려운 문제가 수정됩니다 마창 대회에서 앉아있는 상태로 대회가 진행되면 휴식 효과가 계속 남아있던 문제가 수정됩니다 라이프 드레인 시전 시 스태미나가 잘못 소모되던 문제가 수정됩니다 동물 캐릭터로 와인을 만들 수 있던 문제가 수정됩니다 페카 던전 1층에서 비정상적인 방법으로 던전을 진행할 수 있던 문제가 수정됩니다 블랙스미스 스킬의 승단 시험 진행 시 일부 아이템이 구매 안되던 문제가 수정됩니다 NPC 글리니스와 반스트가 판매 또는 퀘스트 보상으로 주는 요리나 음식을 먹었을 때 요리 스킬 수련치가 오르지 않던 문제가 수정됩니다 개인 상점과 하우징에서 고결한 식칼 구입 시 은행 직거래 메뉴가 나타나지 않던 문제가 수정됩니다 팔라딘 다크나이트 야수화 등 변신 상태일 때 변신 전 사용하던 타이틀이 사라지면 변신 해제 후에도 변신 타이틀이 남아있던 문제가 수정됩니다 길드가 해체되었을 때 길드석을 다시 설치할 수 있던 문제가 수정됩니다 윈드밀 입수 퀘스트를 완료한 상태에서 같은 퀘스트를 다시 받을 수 있던 문제가 수정됩니다 G2 메인스트림을 건너뛰기 한 캐릭터는 ""아르가 준 정령의 축복이 깃든 미스릴 갑옷""으로 RP던전을 플레이 할 수 없도록 수정됩니다 타블렛으로 그림대화를 이용할 때 선이 올바르게 그려지지 않던 문제가 수정됩니다 G11 왕성의 요리사 퀘스트에서 글루아스 퀘스트 마커가 잘못된 곳에 표시되던 문제가 수정됩니다감사합니다"
20090429 11:57,공 (내용수정) 열 번째 제네레이션 시즌 2 엑스트라 패치 변경점 안내,헤르티,안녕하세요마비노기 운영팀입니다2009년 4월 29일 수요일에 투입된열 번째 제네레이션 시즌 2 엑스트라 패치로 변경되는 내용은 아래와 같습니다 그림을 그려 대화할 수 있는 그림대화 기능이 추가됩니다 서러 브레드와 샤이어 동물캐릭터 생성 시 동물캐릭터의 색을 고를 수 있게 됩니다 색을 고를 수 있는 캐릭터 카드는 추후 판매 예정이며 새로운 카드 투입 이전에 구입하신 카드로는 색을 고를 수 없습니다 초상화를 활용할 수 있는 플레이가 추가됩니다 개인 상점 가방에 초상화를 넣고 개인 상점을 열었을 때 초상화 보이기를 할 수 있게 됩니다 하우징 족자에 초상화를 걸어 자신의 하우징을 장식할 수 있습니다 NPC에게서 초상화를 프린팅 할 수 있는 의상을 구입하여 초상화가 그려진 의상을 입을 수 있습니다 타라 경매장에 아이템이 일부 추가됩니다 캐릭터창 스킬창 등의 게임창의 위치를 초기화 할 수 있는 기능이 추가됩니다 각 PVP 의 허용 여부를 한번에 설정할 수 있는 기능이 추가됩니다 캐릭터 선택창에서 각 캐릭터의 최근 접속 종료 위치를 알 수 있는 기능이 추가됩니다 새로운 책이 NPC아이라의 상점에 추가됩니다 탐험 필수 퀘스트를 캐릭터당 1회만 클리어하면 되도록 변경됩니다 환생 전 필수 퀘스트를 진행한 뒤 환생 후 다시 클리어하지 않아도 이 후의 탐험 레벨업이 가능해집니다 패치 전 탐험 필수 퀘스트를 진행한 뒤 환생하였다면 패치 후 각 필수 퀘스트를 한 번 진행해야만 이 후의 레벨업이 가능해집니다 와인 미니 게임의 난이도가 조정됩니다 와인 제작에 필요한 포도가 기존보다 적게 변경됩니다 와인 퀄리티에 따른 통행증의 개수가 변경됩니다 뗏목 플레이의 일부가 변경됩니다 뗏목 의뢰 시 골드와 나무 장작 중 선택할 수 있게 됩니다 뗏목 플레이 후 모은 별에 따른 보상이 상향 조정됩니다 하우징 세율 설정을 최고 50까지 설정할 수 있도록 변경됩니다 Ctrl클릭으로 상점 아이템 구입 시 가방에도 아이템이 들어가도록 변경됩니다 와인의 향기와 코리브 계곡 수호 미션에서 개조권이 더욱 잘 나오도록 변경됩니다 알 수 없는 광석 조각과 미스릴 광석 조각 미스릴 광석의 색이 다른 광석 조각이나 광석과 구분이 쉬워지도록 변경됩니다 정령 무기의 일부가 변경됩니다 아이언 메이스 발레스 그레이트 소드 더스틴 실버 나이트 소드 링 보우 윙 보우를 정령 무기로 만들 수 있게 됩니다 정령 무기 실체화 스킬을 1랭크까지 랭크업 할 수 있게 됩니다 정령 무기의 레벨을 50까지 올릴 수 있게 됩니다 정령 무기가 획득하는 경험치가 소폭 상승합니다 실린더를 개조할 수 있도록 변경됩니다 수리 보호 포션이 적용된 무기를 정령 무기로 만들 때 수리 보호 효과는 사라지도록 변경됩니다 퀴즈 시한 폭탄 사용 대기 시간은 줄어들고 패널티 시간이 더 길어지도록 변경됩니다 관청 일지 퀘스트 진행 후 받는 보상의 음식을 20개까지 겹칠 수 있도록 변경됩니다 GM이 보낸 쪽지에는 GM 아이콘이 표시되도록 변경됩니다 패션 컨테스트의 예선과 본선 진행 시 무대 주변에서 스킬을 사용할 수 없도록 수정됩니다 탈틴 방어전을 완료할 수 없는 문제가 수정됩니다 친절한 타이틀을 다른 타이틀과 같이 사용할 때 다른 타이틀의 뒤에 위치되도록 수정됩니다 인챈트 보호 포션이 로브에도 사용되는 문제가 수정됩니다감사합니다
20080801 15:04,공 (내용추가)CHAPTER 3 연금술사 변경점 안내,일리쉬,"안녕하세요마비노기 운영팀입니다""CHAPTER 3 연금술사""가 시작되며게임에 변경된 내용을 안내해 드리겠습니다 홈페이지 3D 아바타를 무료로 이용하실 수 있도록 변경되었습니다 새로운 메인스트림이 시작됩니다 소울스트림에 몰려온 새로운 위기와 종족 간의 연합 장대한 서사시의 서막이 탈틴을 배경으로 진행됩니다 이상한 고양이를 통해 메인스트림을 스킵할 수 없도록 변경됩니다 새로운 지역이 공개됩니다 새로운 지역은 탈틴 슬리아브 퀼린 아브 네아입니다 연금술사의 집에서 아르바이트할 수 있습니다 새로운 연금술 스킬이 추가됩니다 모든 연금술을 총괄하는 연금술 마스터리 스킬이 추가됩니다 적의 생명력을 흡수하는 라이프 드레인 스킬이 추가됩니다 실린더에서 물방울을 만들어 적을 공격하는 워터 캐논 스킬이 추가됩니다 마법 힘을 결정으로 만드는 마나 포밍 스킬이 추가됩니다 흙의 성질을 이용해 든든한 동료를 만들 수 있는 골렘 연성 스킬이 추가됩니다 만들어낸 완성품에서 재료를 추출할 수 있게 하는 분해합성 스킬이 추가됩니다: 합성 스킬을 이용하여 근처에 적이 오면 폭발하는 아이스마인을 만들 수 있습니다 몬스터에게 강한 바람을 쏘아 밀어내거나 다운 시키는 윈드 블래스트 스킬이 추가됩니다 몬스터로 부터의 공격을 막아주는 방호벽 스킬이 추가됩니다 그림자 미션과 지역이 추가됩니다 탈틴 사령부 앞의 그림자 미션 게시판에서 미션을 선택한 후 스톤 헨지를 통해 입장 하실 수 있습니다 그림자 미션은 4단계의 난이도로 분류되어 있습니다 미션을 클리어 했을 때 보상을 받으실 수 있습니다드래곤의 지원이 추가됩니다 아드니엘의 뿔피리를 이용하여 드래곤에게 도움을 요청하여 광역 스킬 메테오를 사용하게 됩니다 단 드래곤의 기사 타이틀을 착용하셔야 사용할 수 있습니다 메테오스킬은 광역 스킬로 적과 아군의 구분이 없이 대미지를 주게 됩니다 아드니엘의 뿔피리는 그림자 지역에서만 사용할 수 있습니다연금술사 코스튬이 투입됩니다 탈틴의 의류점에서 구매 가능합니다 신규 인챈트가 투입됩니다 새로운 환생 방법이 적용됩니다 캐릭터 나이가 20살을 넘으면 무료 환생이 가능합니다환생시 선택 가능 내옵션 : 레벨과 탐험레벨 나이 리셋환생 위치 : 마지막 위치에서 환생 무료 환생시 나오의 컬렉션북을 받으실 수 없습니다 성별과 외형은 변경하실 수 없습니다 환생시 마지막 위치에서 환생하기에 종족별 환생 지역에 입장 하실 수 없습니다 홈페이지의 3D아바타를 사용 하실 수 있습니다 요금제 개편으로 인해 3D 아바타는 마비노기 유저 모든 분들이 자유롭게 사용 하실 수 있도록 변경되었습니다 3종족 남녀 모두 1종의 신규 헤어가 추가됩니다 인간 남자 : 머제스틱 쿨 헤어 인간 여자 : 스위트 트윈 헤어 엘프 남자 : 팝 컷 헤어 엘프 여자 : 스트레이트 업 스타일 자이언트 남자 : 스텐드 숏 컷 자이언트 여자 : 험드럼 숏 헤어 캐릭터 성장 곡선이 변경됩니다 일정 레벨에 도달하기까지 좀 더 완만한 성장 곡선을 유지하도록 변경됩니다 인간 캐릭터의 초보자 퀘스트가 좀 더 쉽게 변경됩니다 동물 캐릭터 생성 창을 편리하게 사용할 수 있도록 새롭게 변경됩니다 레가투스(레네스 플레이) 보상 경험치가 조정됩니다 워 소드의 색상이 변경됩니다 윈드브레이커를 사용하고 있을 때 데들리 상태가 되면 스킬이 취소되는 문제가 수정됩니다 매직실드 범위와 공격자 중간에 있을 경우 매직실드 범위와 상관없이 방어 효과가 발동되는 문제 수정됩니다 던지기스킬 대미지가 캐릭터 창 대미지에 포함되는 문제가 수정됩니다 방패를 착용하고 돌진 스킬을 사용할 때 방패 숙련도가 오르지 않는 문제가 수정됩니다 자이언트 캐릭터가 양손검을 들고 상점에서 방패 미리 보기를 할 때 방패만 보이는 문제가 수정됩니다 동물 캐릭터에 탑승한 상태로 음식 주기를 할 경우 동물 캐릭터에서 내려지는 문제가 수정됩니다 제스쳐 사용 중 무기가 보이는 문제가 수정됩니다테스트 서 테스트 서버에 메인스트림이 진행할 수 있도록 변경됩니다그럼 즐거운 하루 되시기 바랍니다"
20071218 13:44,공 여덟 번째 제네레이션 패치 변경점 안내,일리쉬,안녕하세요마비노기 운영팀입니다마비노기 여덟 번째 제네레이션 후 변경되는 내용은 다음과 같습니다 루에리의 숨겨진 이야기가 진행됩니다 오랜 화산 활동이 만들어낸 경이로운 모습의 자르딘 지역이 추가됩니다 자르딘 필드의 거대 보스 레드 드래곤이 등장합니다 유황을 채집할 수 있습니다 자르딘 지역에서 획득 가능한 화석을 복원하여 보상을 얻을 수 있습니다 자르딘 하늘에서의 새로운 플레이가 추가됩니다 자르딘을 하늘을 누빌 수 있는 열기구를 켈피에게 구매하실 수 있습니다 하늘에서 와이번과의 박진감 넘치는 공중전을 치를 수 있으며 그에 비례하여 상응하는 보상을 받게 됩니다 우편 시스템이 추가됩니다 친구에게 아이템을 직접 전해 주기 힘들 경우 우편을 통해 아이템을 선물하고 받을 수 있습니다 자이언트의 새로운 헤어스타일과 머리카락색 피부색이 추가됩니다 고급 그래픽 효과가 추가됩니다 색보정 옵션을 설정하실 수 있습니다 환경 설정 비디오 색 보정 옵션의 체 부드러운 그림자 옵션을 설정하실 수 있습니다 환경 설정 효과 부드러운 그림자 옵션의 체 신규 인챈트가 투입됩니다 캐릭터의 능력 뿐 아니라 특별한 세트효과를 보유한 새로운 형태의 인챈트 스크롤입니다 매직 실드의 효과가 상향 조정됩니다 셀리나 섹시 베어룩 발렌시아 크로스 라인 플레이트 아머 등의 일부 아이템이 자이언트도 착용 가능하도록 변경됩니다 동물캐릭터와 은행의 인벤토리창에서 유효하지 않은 아이템이 붉은색으로 표시되게 됩니다 캠프셰어링 창의 쉐어링 음식툴팁에서 단축키 설명이 제대로 보이지 않던 문제가 수정됩니다 아리쉬 아슈빈 부츠(남성용) 아이템을 금속 염색 앰플로 염색할 때 염색 파트가 보이지 않는 문제가 수정됩니다감사합니다
20070516 13:11,공 여섯번째 제네레이션 시즌 4 변경점 관련 안내,일리쉬,"안녕하세요마비노기 운영팀입니다마비노기 여섯번째 제네레이션 시즌 4의 새로운 내용들이 게임이 적용되었습니다새롭게 적용된 내용은 다음과 같습니다엘프와 자이언트의 야수화가 추가됩니다 엘프와 자이언트는 퀘스트를 통해 야수화 스킬을 획득하실 수 있습니다엘프와 자이언트의 새로운 공격 스킬이 추가됩니다 야수화 전용 공격 스킬인 엘프의 ""엘븐 매직 미사일""과 자이언트의 ""자이언트 풀 스윙""이 추가됩니다마법 요리가 새롭게 추가 됩니다 마법 요리는 요리 스킬과 포션조제 스킬로 제작 하는 쿠킹 포션이 필요합니다길드에 새로운 기능이 추가됩니다 길드석의 외형을 업그레이드할 수 있게 됩니다 길드석이 미니맵에 표시가 됩니다 길드 전용의 퀘스트가 추가됩니다 길드에 가입한 유저가 레벨업을 할 때 길드 포인트를 추가로 적립받을 수 있습니다세트 아이템 효과가 추가됩니다 기존의 일부 아이템을 세트로 착용할 경우 강력한 특수 능력을 부여받을 수 있습니다필드 보스 ""매머드""가 추가됩니다 피시스 지역의 새로운 필드 보스인 거대한 ""매머드""가 나타납니다요일 효과가 일부 변경되거나 새롭게 추가됩니다월요일 생산직 스킬의 성공가능성 증가 생활계열 스킬 랭크업시 보너스 증가 물건을 생산할 때 생산품의 품질의 향상화요일 던전에서 아이템 나올 확률 증가 같은 아이템을 던져도 던전의 모양까지 바뀜 전투계열 스킬 랭크업시 보너스 증가수요일 채집 확률 증가 상점에서 5 물건할인 은행 수수료 5 감소 스킬 완전수련시 얻는 경험치 증가목요일 인챈트 성공률 증가 마법관련 스킬 랭크업시 보너스 증가 장비를 사용할 때 얻는 숙련도 증가금요일 행동불능이 되었을 때 잃는 페널티 감소 모든 포션의 효과 상승 퀘스트 성공시 보상 증가토요일 나이를 먹고 나이에 따른 AP를 얻음 음식 복용시 효과 상승 L로드 효과 증가 조금 움직이는 동물도 스케치 가능일요일 크리티컬 히트 발생률 상승 럭키 피니시 등장 확률 상승 연주 성공률 증가 마법 음악 성공률 증가 마법 음악으로 길들일 확률 증가동물 캐릭터의 기능이 추가되었습니다 동물 캐릭터를 이용하여 개인상점에서 원하는 아이템을 찾을 수 있는 기능이 추가됩니다 찾아 검색 어디 명령어를 이용하여 원하는 아이템을 좀 더 편하게 찾으실 수 있습니다 동물 캐릭터의 소지품 창에서 아이템을 바로 교체하거나 중복으로 보관할 수 있도록 변경됩니다새로운 안경 아이템 추가됩니다 새로운 안경 아이템은 NPC에게 구매 하실 수 있습니다계정을 입력할 수 있는 비주얼 키보드가 추가됩니다하우징에서 물건이 판매될 때 안내 메시지가 나오도록 변경됩니다던전내에서 나오던 일부 사념파가 메시지 창으로 변경되어 나오도록 변경됩니다시간이 지난 인챈트 스크롤이 인벤토리내에서 정상적으로 보이던 문제가 수정됩니다은행 인벤토리에서 타 종족까지 체크 하지 않을 때 최대 보유 금화가증가하지 않던 문제가 수정됩니다견고한 인챈트 스크롤을 방패에 인챈트 하였을 때 ""대미지 밸런스 5 증가""가표시 되어 있지 않던 문제가 수정됩니다 관련 옵션의 글자가 보이지는 않으나 실제 대미지 밸런스 증가는 적용되고 있습니다감사합니다"
20070404 13:16,공 (내용수정) 44(수) 여섯 번째 제네레이션 시즌3 패치 변경점 안내,애쉬링,안녕하세요마비노기 운영팀입니다마비노기의 여섯 번째 제네레이션 시즌3 패치로 인한 변경점을 안내해 드립니다 자이언트 종족에 여자 자이언트가 추가됩니다 알비 던전에 상급 던전이 추가됩니다 이글루가 추가됩니다 피시스 지역에서 캠프키트를 사용 시 이글루가 설치됩니다 발레스 마을에 결혼식장이 추가됩니다 자이언트 남녀가 결혼할 수 있게 됩니다 서로 다른 종족의 결혼이 가능하게 됩니다 인간과 엘프 인간과 자이언트 간의 결혼이 가능하게 됩니다 하우징에서 족자와 커튼으로 집의 외벽과 내벽을 장식할 수 있게 변경됩니다 보스 러시 던전 기록이 캐릭터당 하나만 저장되도록 변경됩니다 음식 섭취로 올릴 수 있는 최대 수치가 제한되도록 변경됩니다 음식으로 섭취해서 얻는 최대 생명력 최대 마나 최대 스태미나 체력 지력 솜씨 의지 행운 수치가 각각 100으로 제한됩니다 캠프 셰어링으로 나누어 먹은 사람의 경우 음식은 섭취해서 스탯 보너스를 얻을 수 없게 됩니다 단 나누어 준 사람은 여전히 스탯 보너스를 얻게 됩니다 음식으로 인해 1000이상의 수치를 보유했을 경우 유저의 경우 이전 수치에 비례하여 999이하로 조정됩니다 나이레벨스킬 보너스의 상한폭이 설정되었으며 기존의 수치를 참고하여 비례 조정됩니다 결혼식장 안에서는 동물자이언트 캐릭터에 탈 수 없도록 변경됩니다 아레나가 개선됩니다 아레나 사이드에서 부활 시 3초 동안 공격 불가능한 반투명 상태가 됩니다 콘누스 아레나에서 상대편에게 적용되는 대미지 비율을 조정할 수 있게 됩니다 콘누스 아레나에서 대전 시간이 3분에서 5분으로 변경됩니다 콘누스 아레나에서 양쪽 파티 리더가 준비 완료를 하면 대전이 시작됩니다 콘누스 아레나 로비에 가면 레드 파티원과 블루 파티원들을 볼 수 있습니다 콘누스 아레나 필드에서 대전시 파티원이 표시됩니다 론가 사막 던전 진행 중 방 중앙의 돌기둥 옆에 몬스터가 생성되어 돌기둥을 칠 수 없는 문제가 수정됩니다 윈도 비스타에서 캐릭터가 반호르에 가면 클라이언트가 다운되던 문제가 수정됩니다마비노기의 여섯 번째 제네레이션 시즌3과 함께 행복한 하루 되세요감사합니다
20061027 11:21,공 1027(금) 정식서버 패치 변경점 안내,블레,"안녕하세요마비노기 운영팀입니다1027(금) 정식서버 패치로 인한 변경점은 다음과 같습니다 캐릭터 생성창에서 카드 구입을 할 때 종족에 맞는 샵으로 이동되도록 변경됩니다 가고일 소드와 만도 푸주칼을 일부 몬스터가 다시 드랍하도록 변경됩니다 동물 캐릭터의 AI가 일부 개선됩니다 전투 상황에서 동물 캐릭터에게 휴식 명령을 내린 이후에도 움직이던 문제가 수정됩니다 동물 캐릭터의 힐링 모드가 개선되어 주인 캐릭터의 생명력이 다 찼을 경우에는 스킬을 취소하지 않고 대기하게 됩니다 동물 캐릭터의 AI가 스태미나 마나가 부족했을때 오동작 하던 문제가 수정됩니다 동물 캐릭터의 AI 편집시 같은 타입의 조건(예: 타겟의 걷기 뛰기)중 한가지만 충족되면 이후 규칙이 발동되도록 변경됩니다 요리 대회의 일부 항목이 변경 또는 수정됩니다 요리 대회 관련 음식의 경우 툴팁에 ""요리 대회 전용""이라는 표시가 붙도록 변경됩니다 요리 대회 참가자만 요리 대회 전용 음식을 만들 수 있게 변경됩니다 요리 대회용으로 만든 요리의 제한 시간이 1시간으로 줄어듭니다 요리 대회 참가자의 요리 대회 마감 시간이 잘못 표시되던 문제가 수정됩니다 토요일 요리대회에 참가하여 타이틀을 획득한 후 바로 나이를 먹어 타이틀을 사용할 수 없는 문제가 수정됩니다 요리 컬렉션북에 요리 대회장에서 파는 식재료를 수집할 수 있는 현상이 수정됩니다 G2 메인스트림을 진행중일 경우 이멘마하 거지에게 대화를 통해서 한번에 1000골드씩줄 수 있도록 변경됩니다 G2 메인스트림 진행 중이 아닐때 골드를 줄 경우 금액에 상관없이 한 번에 1골드씩만 주어지게됩니다 개인 상점을 스킬 사용 중 열 수 없도록 변경됩니다 스킬창과 AI 편집기의 스크롤바가 오작동하던 문제가 수정됩니다 채널 이동 후에 게임 내 동물 캐릭터 생성이 안되는 문제가 수정됩니다게임이용에 참고해주시기 바랍니다감사합니다"
20061013 10:07,공 1013(금) 정식 서버 패치 변경점 안내,애쉬링,안녕하세요 마비노기 운영팀입니다10월 13일(금)에 메인터넌스 작업과 함께 진행된정식 서버 패치 작업으로 인한 변경점은 아래와 같습니다변경 1:1 대전 중에는 NPC와 대화할 수 없도록 변경됩니다 앞으로 루아의 부탁 퀘스트를 모두 완수하고 받게 되는 루아의 옷이 거래 불가 속성으로 변경됩니다 Shift마우스 좌 버튼 또는 애완동물로 공격하기로 소환한 동물 캐릭터에게 공격을 명령했을 때 현재 시전한 스킬로 상대방을 공격하도록 변경됩니다 1:1 대전을 한 번도 하지 않은 일부 캐릭터가 PVP 랭킹을 볼 수 없던 문제가 수정됩니다 1:1 대전을 신청한 뒤 준비 완료를 누른 후 취소를 하는 동시에 사물을 때리면 딜레이없이 때릴 수 있는 문제가 수정됩니다 주간 요리 대회 진행 중 월간 요리대회 예정 어나운스가 보이는 문제가 수정됩니다 요리 대회 시상 시작 시 어나운스가 나오지 않는 문제가 수정됩니다 요리 대회용 재료로 받은 음식을 캠프 쉐어링으로 다른 유저들이 먹을 수 있는 문제가 수정됩니다 요리 대회가 끝났는데도 재로그인 시 요리 대회 어나운스가 계속 나오는 문제가 수정됩니다 인벤토리에 피닉스의 깃털보다 애완동물용 인명구조 키트가 먼저 사용할 수 있는 위치에 있을 경우 단축키 CTRL J로 피닉스의 깃털을 사용할 수 없는 문제가 수정됩니다 메투스 지역의 몬스터가 토요일에 아침 6시가 되어도 사라지지 않던 문제가 수정됩니다 동물 캐릭터의 일부 문제가 수정됩니다 소환한 동물 캐릭터가 공격할 수 없는 대상을 공격하려고 시도하는 문제가 수정됩니다 소환된 변신 동물 캐릭터가 주인과 같이 성공 실패 모션을 할 때 소환한 주인에게만 보이던 문제가 수정됩니다 변신하는 동물 캐릭터가 ALT키를 눌러 이름을 볼 때 주인의 이름까지 보이는 문제가 수정됩니다 애완동물 AI 편집을 할 때 스킬을 선택하는 곳에서 서포트샷을 선택하면 AI가 저장되지 않는 문제가 수정됩니다 이벤트 중에 울레이드 숲과 카루 숲에 버섯이 나오지 않던 문제가 수정됩니다 아크리치 인챈트 설명이 스크롤일 때와 직접 인챈트 되었을 때 다른 문제가 수정됩니다 게임 이용에 참고해 주시기 바랍니다감사합니다
20060810 11:57,공 (내용 추가)다섯번째 제네레이션 시즌2 패치 변경점 안내,애쉬링,안녕하세요마비노기 운영팀입니다810(목) 다섯번째 제네레이션 시즌2 패치로 인한 변경점은 아래와 같습니다정식 서버 변경 이리아 오프닝 동영상이 추가됩니다 새로 캐릭터를 생성하여 이리아에서 처음 시작하거나 로그인하면 이리아 오프닝 동영상을 보실 수 있습니다: 유저 여러분의 편의와 원활한 패치를 위해 풀버전 패치를 받으시거나 인스톨러를 새로 설치했을 때 동영상을 보실 수 있도록 했습니다 이용에 참고하시기 바랍니다 새로운 스킬이 추가됩니다 퀘스트를 통해 돌던지기 액션을 얻을 수 있습니다 퀘스트를 통해 엘프 전용 스킬인 미라지 미사일 스킬을 얻을 수 있습니다: 미라지 미사일 스킬에 맞은 적은 생명력이 지속적으로 소모되며 그 효과는 주변의 모든 몬스터와 캐릭터들에게 퍼져 나갑니다 엘프 전용 의상과 장비가 추가됩니다 엘프 마을 무기점과 의류점에서 추가된 엘프 전용 의상과 장비를 판매합니다 엘프 전용 외형이 추가됩니다 엘프만의 헤어색 5종과 눈색 3종이 추가됩니다헤어색 5눈색 3 필리아에 엘프만의 결혼식장이 추가됩니다 야외 결혼식장으로 인해 시간 및 날씨의 영향을 받게 됩니다 결혼식 하객의 경우 종족 제한이 없습니다 콘누스 사막 지형이 시간에 따라 변화합니다 콘누스 지역 론가 사막 유적이 추가됩니다 모래 사구의 변화에 따라 상태가 변하는 석상을 발견하는 탐험 퀘스트가 추가됩니다 울레이드 숲과 카루 숲에서 버섯 채집이 추가됩니다 버섯을 이용하여 요리를 만들 수 있습니다 포션 중독 치료 효과가 있는 음식을 만들 수 있게 됩니다 하우징 및 개인상점 거래 시 은행 직거래가 기본적으로 선택되지 않도록 변경됩니다 자신의 집 안에서 동물 캐릭터를 소환할 경우 집의 인벤토리가 열리지 않도록 변경됩니다 동물 캐릭터의 스킬을 단축키 슬롯에 등록할 수 있게 변경됩니다 채팅옵션에서 두 명이상을 거부리스트에 등록시 최초의 한 명 밖에 표시 되지 않는 문제가 수정됩니다 독 공격률이 정상적으로 적용되지 않던 문제가 수정됩니다 콘누스에 배치되지 않은 푸른 꼬리 몽구스 관련 탐험 퀘스트들이 필리아의 퀘스트 보드에서 받을 수 있는 문제가 수정됩니다 탐험 퀘스트 중 수집해야 하는 아이템의 이름이 잘못 표기되는 문제가 수정됩니다 다크나이트 호신부 루에리 RP 진행 시 동물 캐릭터를 소환한 상태로 던전에 입장이 되어 동물 캐릭터가 던전 로비에 남겨지는 문제가 수정됩니다테스트 서버 변경 이동 중 돌 던지기 액션 취소 시 위치가 잘못 표시되는 문제가 수정됩니다 결혼을 앞둔 엘프가 이멘마하에서 결혼 의상을 빌릴 수 있던 문제가 수정됩니다 화살이 들어가 있는 화살통을 팔 때 가격이 잘못 표시되던 문제가 수정됩니다 스톤 하운드 이빨을 카루숲 던전 제물로 사용하여 던전을 진행할 경우 탐험 경험치를 획득할 수 없는 문제가 수정됩니다게임 이용에 참고해 주시기 바랍니다감사합니다
20060728 11:01,공 728(금) 정식서버 패치 변경점 안내,블레,안녕하세요마비노기 운영팀입니다7월 28일 정식서버 패치 후 변경점을 안내해드립니다패치작업이 예정보다 일찍 완료되어 11시경 전서버를 오픈하였습니다 여름방학 이벤트로 해변에서 특별한 필드 보스가 나타납니다 케안 항구와 이리아 해변에서 특별한 필드 보스가 등장합니다 이 특별한 필드 보스를 아이스 계열 마법으로 공격하면 크기가 커지고 크기가 큰 몬스터를 쓰러뜨리면 더 큰 보상을 얻을 수 있습니다 멜레스가 곡괭이를 네리스가 호미를 추가로 판매합니다 나오에게 옷을 선물한 이후에도 다시 원래의 검은 옷으로 바꿔 입도록 할 수 있게 됩니다루아가 준 옷 나오의 흰색 봄 옷 과 같이 나오에게 옷을 선물할 때의 키워드로 나오와 대화하면 나오의 검은색 옷 키워드를 받게 됩니다나오의 검은색 옷 키워드로 나오와 대화하면 나오가 원래의 검은 옷을 입고 나오게 됩니다 하우징 채널에서 채널 이동 시 발생하는 문제가 수정됩니다 하우징 채널에서 여신의 날개로 파티 이동을 하면 파티리더와 파티원이 각각 다른 채널로 이동되는 문제가 수정됩니다 하우징 성 던전에서 행동불능 후 마을부활을 선택하면 채널 선택 창이 비활성화 된 상태로 표시되어 채널을 선택할 수 없는 문제가 수정됩니다 하우징 채널에서 말을 타고 채널 이동을 할 수 없는 문제가 수정됩니다 뜨거운 바람의 L로드와 차가운 바람의 L로드를 이용하여 지형을 변화 시킬 경우 지형이 정상적으로 변경되지 않는 문제가 수정됩니다 필수 탐험 퀘스트를 완료하고 탐험 레벨업이 안 된 상태로 환생했을 때 레벨5 필수 탐험 퀘스트를 완료하지 않아도 레벨6으로 넘어갈 수 있었던 문제가 수정됩니다 파티를 맺고 보스 몬스터 사냥 시 피니시 공격을 하기 전에 몬스터가 일찍 사라져 버리는 문제가 수정됩니다 파이널 히트 스킬 습득 퀘스트 진행 중 메이즈 평원의 던전을 완료하였으나 퀘스트를 완료할 수 없는 문제가 수정됩니다 나이가 매우 많은 캐릭터는 음식을 섭취했을 때 얻는 스탯 증가치가 작아지게 됩니다여름방학을 마비노기와 함께 즐겁게 보내시기 바랍니다감사합니다
20060714 11:58,공 (수정)714(금) 정식서버 패치 후 변경점 안내,파르시온,"안녕하세요마비노기 운영팀입니다714(금) 오전 9시부터 약 3시간동안 진행된 정식서버 패치 후변경된 사항에 대해 안내해 드리겠습니다패치 후 변경점 어시스턴트 캐릭터 카드로 생성한 엘프가 환생할 수 있게 됩니다 건의를 받아들여 환생할 수 있도록 변경하였습니다 어시스턴트 캐릭터 카드를 환생하는 데 사용할 수는 없습니다 필리아 마을 퀘스트 보드에 발견 스케치 수집 탐험 퀘스트가 추가됩니다 개인 상점과 하우스에서 판매하는 아이템의 가격이 5만골드 이상일 경우 은행 직거래로 구입할 수 있게 됩니다 몬스터를 여러번 스케치할 수 없도록 수정됩니다 원래 위치에서 멀리 이동한 몬스터를 스케치할 경우 일정 회수 이후에는 원래의 위치로 돌아갑니다 필드 보스 몬스터 던전 몬스터는 각각의 몬스터마다 캐릭터당 1번만 스케치할 수 있습니다 장작 수집 퀘스트 수행 중에 채집용 도끼를 받은 후 재접속 혹은 채널 이동을 하면 채집용 도끼 쿠폰을 다시 받는 문제가 수정됩니다 파이널 히트 스킬 시전 중 ""esc""버튼을 눌러 스킬 취소를 하는 순간 몬스터에게 공격 받으면 스킬 재사용 시간이 생기는 문제가 수정됩니다 파이널 히트 스킬 사용 중 휴식 스킬이 사용 가능하던 문제가 수정됩니다더운 여름에는 건강을 잘 챙기셔야 합니다음식물은 잘 가려서 드시고 감기에 걸리지 않도록 신경쓰셔서신나고 즐거운 여름을 보내시기 바랍니다"
20060405 11:17,공 (내용추가)네번째 제네레이션 시즌2 패치 변경점 안내,로이,"안녕하세요 마비노기 운영팀입니다4월 5일(수) 패치로 챕터2 제네레이션4의 두번째 시즌이 시작됩니다금일 패치로 인한 변경점은 아래와 같습니다추가 변경 사항드랍된 가완성 아이템이 필드에 남아있는 시간이 짧아집니다새로 추가되거나 변경된 사항입니다 G3 메인스트림 관련된 사항입니다티르 코네일의 이상한 고양이와 대화하여 G3를 건너 뛸 수 있게 됩니다 G3를 건너 뛰었더라도 팔라딘 스킬을 입수하지 않았다면 다크나이트 스킬 입수 퀘스트가 시작되지 않습니다 G3를 건너 뛰었다면 에린의 수호자 타이틀과 흑요석 인챈트 스크롤을 받을 수 없습니다G2와 G3를 건너뛰기한 캐릭터의 다크나이트 입수 난이도가 상향 조정됩니다1 G2나 G3 둘 중 하나를 건너뛰기한 캐릭터는 다크나이트 입수 퀘스트 진행중의 던전 난이도가 조금 높아집니다2 G2와 G3를 모두 건너뛰기한 캐릭터는 다크나이트 입수 퀘스트 진행중의 던전 난이도가 1번보다 조금 더 높아집니다G3 진행중 던전의 난이도가 하향 조정됩니다 여신상 복구 던전의 난이도가 쉬워집니다 잠입던전의 크기가 1층으로 줄어듭니다 G3 진행중 핸디 크래프트로 만들어야 하는 물건이 있을 때 가까운 NPC에게 재료를 가지고 가면 대신 만들어 줍니다 패치 이전에 영혼의 포션 조제 퀘스트를 진행중이던 캐릭터는 영혼의 포과 이상한 고양이의 쪽지를 받고 퀘스트가 종료됩니다 하우징과 관련된 사항입니다두갈드 성과 센마이 성에 던전이 추가됩니다 성에 들어가서 성 경비병에게 통행증을 구입해서 좌측 지하저장소 입구로 들어가면 던전 입구로 갈 수 있습니다 성주와 성주 길드원은 제한없이 출입이 가능하고 통행증을 무료로 얻을 수 있습니다 성주는 성 던전 통행증에 상한선 이내의 가격을 설정할 수 있으며 성 던전 통행증에는 시간 제한이 있습니다 길드원이 아닌 일반 유저들은 성주가 경비병에게 통행증 판매를 허가해 두었을 경우 통행증을 구입하여 던전에 입장할 수 있습니다두갈드 아일 거주지와 센마이 거주지에 새로운 종류의 집이 추가됩니다 이 집은 지금까지 건설 비용이 가장 저렴했던 밀짚지붕 흙집 가격의 절반 수준의 가격으로 지을 수 있습니다 그만큼 세금도 적게 내게 됩니다하우스 상점 광고 게시판이 추가됩니다 하우스 상점에 등록해 둔 아이템을 광고할 수 있는 기능이 추가됩니다 원하는 아이템 광고를 선택하여 판매자의 집으로 이동하는 메뉴를 선택하면 판매자의 집으로 이동 가능하며 원래 있던 위치로 되돌아 올 수 있는 귀환 쿠폰을 받을 수 있습니다하우징 지역에서 테이블과 의자를 살 수 있으며 집안에서 의자에 앉을 수 있게 됩니다 집안에서 의자에 앉을 경우 회복 속도가 증가하며 의자에 앉은 사람들과 함께 음식을 나누어 먹을 수 있습니다집 주인이 집사 브라우니에게 집 설정 저장 카드를 받을 수 있습니다 집 설정 저장 카드에는 출입자 설정 납부 방법 등의 설정이 저장되어 있으며 새로운 집을 구할 경우 이 카드를 사용하면 이전의 설정을 그대로 사용할 수 있습니다집 주인은 집사 브라우니에게 귀가용 아이템을 얻을 수 있습니다 집 주인인 경우 집사 브라우니에게 말을 걸어 귀가용 아이템인 마법의 집 열쇠를 받을 수 있습니다 이 아이템을 사용하면 자신의 집 앞으로 이동됩니다 그 밖에 추가되거나 변경된 사항입니다아이스 스피어 스킬이 투입됩니다 초보 엘레멘탈 마스터 타이틀을 달고 아이스 원드를 착용한 채로 ""스킬에 대하여""로 스튜어트와 대화하면 스킬 획득과 관련된 퀘스트를 진행할 수 있습니다엘레멘탈 마스터와 아이스 스피어 마스터 타이틀이 추가됩니다프리미엄 카드 사용 시 선택할 수 있는 남성용 3종 여성용 3종의 헤어스타일이 추가됩니다남성용 딕 테일 트윈업 에델린 단발 머리 소프트 웨이브 컷여성용 트윈 롤 업 헤어 켈리 숏 보브 헤어 트윈 허니 스프링 헤어캐릭터를 만들 때 이리아에서 시작하기를 선택하면 이리아에서 시작하게 됩니다이리아에서 시작한 캐릭터는 이리아 전용 초보자 퀘스트들을 받게 됩니다이리아에서 환생할 때 캐릭터 위치가 변경됩니다 티르코네일 튜토리얼 지역처럼 포탈이 생깁니다에린 시간으로 하루에 2번 울라와 이리아 대륙 간 이동이 가능해집니다 메뉴 버튼을 누르면 울라 대륙과 이리아 사이를 이동하는 버튼이 생겨 있으며 이 버튼을 누를 경우 해당 지역으로 바로 이동합니다 이 기능은 한 번 사용한 후 에린 시간으로 0시와 12시가 되었을 때 다시 사용할 수 있습니다에린 시간으로 하루가 지나지 않더라도 탐험 퀘스트를 받을 수 있도록 변경됩니다 이전에는 탐험 퀘스트를 완료했더라도 에린 시간으로 자정이 지나야 탐험 퀘스트를 받을 수 있었지만 패치 이후 자정이 지나지 않더라도 다른 탐험 퀘스트를 퀘스트 보드에서 받을 수 있게 됩니다 (단 밸런싱을 위해서 필드 몬스터의 퀘스트 아이템 드랍 확률이 줄어듭니다)미니맵 웨이포인트 기능이 추가됩니다 미니맵을 클릭하여 목표점을 설정하면 자동으로 이동하게 됩니다 왼쪽 시프트 키를 누른 채로 미니맵을 계속 클릭하면 다음 이동 경로를 예약 설정할 수 있습니다 땅을 클릭하거나 미니맵을 마우스 우클릭하면 자동 이동이 종료됩니다동물 캐릭터가 응급치료 스킬을 사용할 수 있도록 변경됩니다 기존의 모든 동물 캐릭터에 응급치료 스킬(F랭크)이 추가되며 동물 캐릭터 소지품창에 붕대가 있을 경우 응급치료를 할 수 있습니다 치료 명령을 해서 내 캐릭터를 응급치료해 줄 수 있습니다근접 무기의 스플래시 대미지가 좀 더 높게 변경됩니다포션 중독과 스탯감소의 회복속도가 향상됩니다피니시가 뜬 몬스터의 경우 기존보다 약 3배 정도 길게 대기 후에 사라지도록 변경됩니다 피니시 공격을 받은 몬스터는 기존과 같이 사라지게 됩니다카루 숲 유적의 보스방을 열었을 때 보스룸의 문이 닫히도록 변경됩니다게임 진행시 1시간마다 게임 플레이 시간 관련 알림 메시지가 채팅창과 대화 로그창에 표시됩니다 연속된 게임이용으로 건강에 무리를 주지 않도록 채팅창과 대화 로그창으로 1시간마다 안내 메시지가 표시됩니다드랍된 골드의 양이 많을 수록 더 오랜 시간동안 남아 있도록 변경됩니다보물 상자에서 획득한 가고일 소드 만도 푸주칼을 상점에 판매할 때의 가격이 조정됩니다레벨 달성 퀘스트의 보상 경험치가 상향 조정됩니다스톤 임프의 샌달모자 등 유적 입장 아이템이 5개까지 겹쳐지도록 변경됩니다파티 부활의 깃털 사용시 파티원들의 동물 캐릭터도 함께 부활하도록 변경됩니다다른 사람에 의해 부활할 경우 부활시켜 준 캐릭터의 이름이 사념파와 채팅 메시지로 나타나게 됩니다파티원들의 동물 캐릭터 이름과 생명력 정보를 볼 수 있게 됩니다화면 왼쪽에 파티원 정보와 함께 표기됩니다동물 캐릭터의 상태보기 버튼을 누르면 사념파가 나타나지 않으며 동물 캐릭터로 로그인한 것과 마찬가지로 동물 캐릭터 창이 뜨도록 변경됩니다산과 평원과 사막 등지에 풀과 선인장들이 추가됩니다이리아 퀘스트 보드에 퀘스트 보고 시 퀘스트 창이 뜨지 않고 대화를 바로 종료하도록 변경됩니다게임옵션에서 효과음 크기를 조절하면 나무 기둥 표시판 등을 칠 때와 L로드 효과음도 소리크기 조절이 가능하게 됩니다튜토리얼 던전RP 던전 입장시 미니맵이 기본적으로 열려 있도록 변경됩니다로그오프를 하면 캐릭터 선택 로비로 가는 것으로 변경됩니다환경설정의 효과 탭에 있는 와이드 모드 지 옵션이 비디오 탭으로 변경됩니다문제가 수정된 사항입니다로비 화면에서 판타지 라이프 클럽 기한이 잘못 표시되던 부분이 수정됩니다 나오의 서포트 엑스트라 스토리지 어드밴스드 플레이 서비스의 남은 날짜가 일치하지 않을 때 가장 먼저 끝나는 서비스의 날짜로 표시됩니다일부 몬스터가 딜레이를 무시하고 다운된 캐릭터를 때릴 수 있는 문제가 수정됩니다마법 캐스팅 후 이동지점을 선택한 뒤 바로 마법스킬을 취소했을 때 캐릭터가 이동을 멈추던 문제가 수정됩니다 아이스 볼트 등의 마법을 캐스팅한 상태에서 이동할 때 스킬을 취소하면 목표지점까지 이동하도록 변경됩니다특정 서버 전용 환생 카드가 동작하지 않던 문제가 수정되며 환생 전용카드로 캐릭터 생성을 시도할 수 없게 됩니다희생의 인챈트 스크롤의 설명이 인챈트된 장비와 서로 다르게 표기되는 문제가 수정됩니다다크나이트 스킬 수련치 분배 시 다크 마나 리프랙터를 선택할 수 없는 문제가 수정됩니다날아다니는 동물캐릭터가 개인상점 지키기를 하지 않고 캐릭터를 따라오는 문제가 수정됩니다필수 탐험 퀘스트를 완료 했으나 탐험 레벨이 오르지 않고 다음 번 탐사 경험치를 받을 때 탐험 레벨이 오르던 문제가 수정됩니다탐사 연표가 등록되지 않은 일부 탐험 퀘스트들이 탐사 연표가 적용되도록 수정됩니다가슴에 상처를 가진 곰 달 무늬 검은 곰 탐험퀘스트에서 퀘스트 보드에 스케치 전달이 빠져있는 문제가 수정됩니다센마이 거주지에 겹쳐서 배치되어 있던 집터가 수정됩니다 센마이 거주지의 4가 22번지와 4가 41번지의 집터가 양옆으로 조금씩 이동되어 겹쳐지지 않도록 수정됩니다일부 NPC가 이상형 퀘스트 진행시 드래곤 블레이드를 인식하지 않는 문제가 수정됩니다G1 진행시 한 방에 골렘을 잡은 타이틀을 달고 크리스텔과 대화할 때 검은 마족통행증을 받지 못하는 문제가 수정됩니다유효 기간이 지난 음식포션을 동물 캐릭터에게 먹일 수 있는 문제가 수정됩니다아르바이트의 남은 시간 표기가 10분 단위로 변경되며 진행시간이 에린 시계와 정확히 맞도록 수정됩니다붕대 아이템을 직접 사용했을 때 다른 붕대가 사용되던 문제가 수정됩니다응급치료 스킬을 써서 붕대을 사용될 경우 오른쪽 아래 붕대부터 사용하도록 수정됩니다 인벤토리 안에 있는 붕대 중 더 좋은 성능의 붕대를 먼저 사용하는 것은 이전과 동일합니다이전에 삭제했던 캐릭터와 동일한 이름으로 생성한 펫을 소환할 수 없는 문제가 수정됩니다이리아 메이즈 평원 지역에서 사운드효과음을 모두 제거해도 새 소리와 L로드 소리가 들리는 문제가 수정됩니다일부 LCD 모니터의 16:10 비율 해상도를 지원하지 않던 문제가 수정됩니다회복속도 증가포션을 사용한 뒤 행동불능된 캐릭터가 부활하면 일정 시간 후에 효과가 사라진다는 사념파가 나오는 문제가 수정됩니다던전에서 멀리 있던 캐릭터가 말을 타고 가까이 왔을 때 말만 보이는 경우가 있는 문제가 수정됩니다네번째 제네레이션 시즌2에 많은 관심 부탁드립니다감사합니다"
20060329 22:19,공 329(수) 테스트 서버 패치 후 변경점 안내,파르시온,"안녕하세요마비노기 운영팀 입니다329(수) 오후 9시 10분부터 진행된 패치 이후 변경된 사항에 대해안내해 드리도록 하겠습니다원활한 진행을 위해 테스트 서버에서 성이 완성된 상태로 시작됩니다테스트 서버에서 집의 입찰은 하루 동안 진행되지만 원활한 진행을 위해 입찰이일찍 종료될 수 있습니다추가 및 변경된 사항두갈드 성과 센마이 성에 던전이 추가됩니다성에 들어가서 성 경비병에게 통행증을 구입해서 좌측 지하저장소 입구로 들어가면 던전 입구로 갈 수 있습니다성주와 성주 길드원은 제한없이 출입이 가능하고 통행증을 무료로 얻을 수 있습니다길드원이 아닌 일반 유저들은 성주가 경비병에게 통행증 판매를 허가해 두었을 경우 통행증을 구입하여 던전에 입장할 수 있습니다(테스트 서버에서의 통행증 가격은 1000 골드이며 정식서버에서는 다른 방식으로 적용될 수 있습니다)아이스 스피어 스킬이 투입됩니다테스트 서버에서는 원활한 테스트를 위해 입수 퀘스트 없이 초보 엘레멘탈 마스터 타이틀을 달고 아이스 원드를 착용한 후 던바튼 NPC스튜어트와 ""스킬에 대하여""로 대화하면 스킬을 획득할 수 있습니다(정식 서버 투입시에는 입수 퀘스트가 투입될 예정이며 테스트 서버에서 테스트된 아이스 스피어의 성능이 조정될 수 있습니다)하우스 상점 광고 게시판이 추가됩니다하우스 상점에 등록해 둔 아이템을 광고할 수 있는 기능이 추가됩니다원하는 아이템 광고를 선택하여 판매자의 집으로 이동하는 메뉴를 선택하면 판매자의 집으로 이동 가능하며 원래 있던 위치로 되돌아 올 수 있는 귀환 쿠폰을 받을 수 있습니다하우징 지역에서 테이블과 의자를 살 수 있으며 집 안에서 의자에 앉을 수 있게 됩니다집 안에서 의자에 앉을 경우 회복 속도가 증가하며 의자에 앉은 사람들과 함께 음식을 나누어 먹을 수 있습니다집 주인이 집사 브라우니에게 집 설정 저장 카드를 받을 수 있습니다집 설정 저장 카드에는 출입자 설정 납부 방법 등의 설정이 저장되어 있으며 새로운 집을 구할 경우 이 카드를 사용하면 이전의 설정을 그대로 사용할 수 있습니다집 주인은 집사 브라우니에게 귀가용 아이템을 얻을 수 있습니다집 주인인 경우 집사 브라우니에게 말을 걸어 귀가용 아이템 마법의 날개 열쇠 를 받을 수 있습니다이 아이템을 사용하면 자신의 집 앞으로 이동됩니다마비노기 SMS인증시 취소를 누른 경우 로그인 화면에서 입력했던 패스워드가 초기화됩니다탐험 퀘스트를 에린 시간으로 하루가 지나지 않더라도 받을 수 있도록 변경됩니다이전에는 탐험 퀘스트를 완료했더라도 에린 시간으로 자정이 되어야 탐험 퀘스트를 받을 수 있었는데 이제는 탐험 퀘스트를 완료했으면 시간에 관계 없이 다른 탐험 퀘스트를 퀘스트 보드에서 받을 수 있게 됩니다(단 밸런싱을 위해 필드 몬스터의 퀘스트 아이템 드랍 확률이 줄어듭니다)에린 시간으로 하루에 2번 울라와 이리아 대륙 간 이동이 가능해집니다메뉴 버튼을 누르면 울라 대륙과 이리아 사이를 이동하는 버튼이 생겼으며 이 버튼을 누를 경우 해당 지역으로 바로 이동합니다이 기능은 한 번 사용한 후 에린 시간으로 0시와 12시가 되었을 때 다시 사용할 수 있습니다캐릭터를 만들 때 이리아에서 시작하기를 선택하면 이리아 전용 초반 퀘스트를 받게 됩니다캐릭터를 만들었을 때 기존의 울라 대륙 외에 이리아에서도 시작할 수 있게 됩니다이리아에서 시작한 캐릭터는 이리아 전용 초보자 퀘스트들을 받게 됩니다새 헤어 스타일이 추가됩니다남성용 3종 여성용 3종의 헤어스타일이 추가됩니다정식 서버에서 프리미엄 카드를 사용할 경우 선택하실 수 있으며 테스트 서버에서는 제한 없이 선택할 수 있습니다남성용에델린 단발 머리딕 테일 트윈업소프트 웨이브 컷여성용트윈 롤 업 헤어켈리 숏 보브 헤어트윈 허니 스프링 헤어새로운 요소가 많이 추가된 마비노기와 함께재미있는 시간 보내시기 바랍니다감사합니다 "
20060310 18:21,공 (서버오픈)310(금) 테스트 서버 변경점 안내,파르시온,안녕하세요마비노기 운영팀 입니다310(금) 오후 5시부터 진행된 테스트 서버 패치 작업이 예상 시간보다 조금 일찍종료되어 오후 6시 20분부터 서버를 오픈 했습니다오후 테스트 서버 패치 후 변경점에 대하여 안내해 드리도록 하겠습니다패치 후 변경점변경된 사항드랍된 골드가 금액 관계 없이 사라지는 시간은 같았으나 많은 금액일 수록 더 오랜 시간 남아 있도록 변경됩니다파티 부활의 깃털 사용시 파티원들의 동물캐릭터도 함께 부활하도록 변경됩니다다른 사람에 의해 부활할 경우 부활시켜준 캐릭터의 이름이 사념파와 채팅 메시지로 나타나게 됩니다파티원들의 동물캐릭터 이름과 생명력 정보를 볼 수 있게 됩니다화면 왼쪽에 파티원 정보와 함께 표기됩니다동물캐릭터의 상태보기 버튼을 누르면 사념파가 나타나지 않으며 동물캐릭터로 로그인 한 것과 마찬가지로 동물캐릭터 창이 뜨도록 변경됩니다이리아 퀘스트 보드에 퀘스트 보고 시 퀘스트 창이 뜨지 않고 대화를 바로 종료하도록 변경됩니다프랍(나무 기둥 표시판등)을 칠때와 L로드 효과음에 대해 소리크기 조절이 가능하도록 변경됩니다게임옵션에서 효과음 크기를 조절하면 됩니다튜토리얼 던전RP 던전 입장시 미니맵이 기본적으로 열려 있도록 변경됩니다환경설정의 효과 탭에 있는 와이드 모드 지 옵션이 비디오 탭으로 변경됩니다수정된 사항자동 공격 모드에서 스킬을 시전하면 스킬을 취소하고 달려가서 일반 근접공격을 하는 문제가 수정됩니다날아다니는 동물캐릭터가 개인상점 지키기를 하지 않고 캐릭터를 따라오는 문제가 수정됩니다탐사 연표가 등록되지 않은 일부 탐험 퀘스트들을 탐사 연표가 적용되도록 수정됩니다유효 기간이 지난 음식포션을 동물 캐릭터에게 먹일수 있는 문제가 수정됩니다가슴에 상처를 가진 곰 달 무늬 검은 곰 탐험퀘스트에서 퀘스트 보드에 스케치 전달이 빠져있는 문제가 수정됩니다아르바이트의 제한시간 표기가 10분단위로 변경되며 진행시간이 에린시계와 정확히 맞도록 수정됩니다붕대를 사용했을 때 다른 붕대가 사용되던 문제가 수정됩니다응급치료 스킬을 써서 붕대가 사용될 경우 다음의 순서대로 사용됩니다좋은 수제 붕대가 있을 경우 (최고급 수제 붕대고급 수제 붕대수제 붕대붕대) 인벤토리의 오른 쪽 아래의 가장 좋은 붕대가 사용되며동급의 붕대인 경우 인벤토리의 오른쪽 아래에 있는 붕대부터 사용됩니다던전에서 멀리 있던 캐릭터가 말을 타고 가까이 왔을 때 가끔 말만 보였던 문제가 수정됩니다이리아 메이즈 평원 지역에서 사운드효과음을 모두 제거해도 새L로드 소리가 들리는 문제가 수정됩니다일부 LCD 모니터의 16:10 비율 해상도를 지원하지 않던 문제가 수정됩니다마비노기와 함께 좋은 저녁 시간 되시기 바라며다가오는 주말도 멋진 시간 보내시기 바랍니다감사합니다
20050826 08:01,공 (내용수정)826(금) 정식 서버 패치 변경점 안내,이페,"안녕하세요마비노기 GM이페입니다 매주 금요일 오전 7시 48분터 한 시간동안은서버 정기점검이 있는 날입니다 금일은 정기점검과 함께 정식 서버 패치가 진행되며이번 패치로 인한 변경점은 아래와 같습니다 (내용수정)변경점 중에 혼란을 줄 수 있는 문장을 수정하였습니다 마스터 타이틀을 사용할때 해당 스킬이 1 랭크 완전 수련이 아니면 사용할 수없으며타이틀이 알고만 있는 상태로 변경됩니다 마스터 타이틀을 얻은 상태에서 스킬을 언트레인한 뒤 다시 1랭크로 올렸을 때완전 수련을 하지 않아도 마스터 타이틀을 사용할수 있게 변경됩니다 수표를 땅에 떨어뜨린 이후 소멸되기까지의 시간이 20분으로 늘어납니다 개인상점 개설 중에 다른 사람이 근처에서 상점을 열어 개설이 취소될 경우 가격을 매겨둔 아이템을 이동시킬 수 없는 문제가 수정됩니다 행동불능 상태의 애완동물로는 개인 상점을 지킬 수 없도록 변경됩니다 윈드밀 약초학 컴뱃 마스터리의 스킬 수련 조건 경험치가 시스템 메시지에서 잘못 표시되는 문제가 수정됩니다 힐링 스킬을 사용했지만 파티 힐링의 파티 힐링을 사용과 위급한 사람에게 파티 힐링 사용도 같이 수련되는 문제가 수정됩니다 썬더 스킬을 사용하고 낙뢰가 떨어지기 전 새로 스킬을 시전하면 낙뢰가 떨어진 후 시전된 스킬이 취소되었던 문제가 수정됩니다 마법 공격 스킬을 차징하는 도중에 공격을 받았을 경우 이전에 차징된 마법이 풀리지 않던 문제가 수정됩니다 회복계 마법음악의 효과가 0인 문제가 수정됩니다 팔라딘 변신 상태에서 마법음악을 연주할 경우 변신효과가 겹쳐보이던 문제가 수정됩니다 프리미엄 여자 하복의 양말 색이 흰색으로 나오지 않던 문제가 수정됩니다 이미 가지고 계신 아이템에도 적용됩니다 환생 직전에 먹은 음식때문에 환생 후에 체형이 변하는 문제가 수정됩니다 환생 직전에 먹은 음식으로 인한 능력치 변화는 환생 후에도 적용됩니다 붉은곰과 갈색곰이 플레타의 보물 상자를 드랍할 확률이 30 감소합니다 그리즐리베어류의 드랍율은 변하지 않습니다 라이트 멜카 체인메일 마감시 동괴은괴금괴 마감이 되지 않는 문제가 수정됩니다 라이트 멜카 체인메일 라이트 라운드 폴드론 체인메일 라이트 서코트 체인메일의 수리비가 0 이던 문제가 수정됩니다 에린 시계에서 ""오전오후"" 표기가 잘못 표기되던 부분이 수정됩니다 버서크와 위크니스 상태의 이펙트가 변경됩니다 트레보 RP 던전을 3번 실패하여 클리어 실패가 되어도 트레보가 계속 시도해 보라는 대사를 하는 현상을 수정하였습니다트레보 RP 던전에 성공하면 이벤트가 정상적으로 종료됩니다 검은흉터 붉은흉터 인챈트 아이템 툴팁에 설명이 정상적으로 표시됩니다 발렌시아 플레이트부츠를 바지 혹은 플레이트 메일와 같이 입었을때 부츠착용 모습이 정상적으로 보이게 됩니다 포션 제조시 조제 불가능한 포션에 대해 메이킹 마스터리 보너스가 적용되던 부분이 수정됩니다 제작중인 미스릴 선과 금속봉의 완성도가 저장되지 않는 문제가 수정됩니다 금속봉 아이템이 겹쳐질 수 없는 아이템으로 변경됩니다 패치 전에 여러개 겹쳐 보유하고 있던 금속봉들은 모두 각각 1개씩으로 변경됩니다이 과정에서 사라진 아이템들에 대해서는 복구해드릴 예정이며 따로 신고하실 필요는 없습니다 게임 이용에 참고하여 주시기 바랍니다감사합니다 "
20050824 12:23,공 테스트 서버 패치 후 변경점 안내,쿼티,"안녕하세요 마비노기 운영팀입니다 이번 테스트 서버 패치로 변경되는 변경점에 대해 안내해드립니다 마스터 타이틀을 사용할때 해당 스킬이 1 랭크 완전 수련이 아니면 사용하지 못하며 타이틀이 알고만 있는 상태로 변경됩니다 수표를 땅에 떨어뜨린 이후 소멸되기까지의 시간이 20분으로 늘어납니다 개인상점 개설 중에 다른 사람이 근처에서 상점을 열어 개설이 취소될 경우 가격을 매겨둔 아이템을 이동시킬 수 없는 문제가 수정됩니다 행동불능 상태의 애완동물로는 개인 상점을 지킬 수 없도록 변경됩니다 윈드밀 약초학 컴뱃 마스터리의 스킬 수련 조건 경험치가 시스템 메시지에서 잘못 표시되는 문제가 수정됩니다 힐링 스킬을 사용했지만 파티 힐링의 파티 힐링을 사용과 위급한 사람에게 파티 힐링 사용도 같이 수련되는 문제가 수정됩니다 썬더 스킬을 사용하고 낙뢰가 떨어지기 전 새로 스킬을 시전하면 낙뢰가 떨어진 후 시전된 스킬이 취소되었던 문제가 수정됩니다 마법 공격 스킬을 차징하는 도중에 공격을 받았을 경우 이전에 차징된 마법이 풀리지 않던 문제가 수정됩니다 회복계 마법음악의 효과가 0인 문제가 수정됩니다 팔라딘 변신 상태에서 마법음악을 연주할 경우 변신효과가 겹쳐보이던 문제가 수정됩니다 프리미엄 여자 하복의 양말 색이 흰색으로 나오지 않던 문제가 수정됩니다 이미 가지고 계신 아이템에도 적용됩니다 환생전에 먹은 음식때문에 환생 후에 체형이 변하는 문제가 수정됩니다 (수정) 음식을 먹자마자 환생했을 경우 그 음식에 의한 능력치 변화는 환생 후에도 적용됩니다 이전에 먹었던 음식들에 의한 능력치 변화는 종전과 마찬가지로 초기화됩니다 붉은곰과 갈색곰이 플레타의 보물 상자를 드랍할 확률이 30 감소합니다 그리즐리베어류의 드랍율은 변하지 않습니다 라이트 멜카 체인메일 마감시 동괴은괴금괴 마감이 되지 않는 문제가 수정됩니다 라이트 멜카 체인메일 라이트 라운드 폴드론 체인메일 라이트 서코트 체인메일의 수리비가 0 이던 문제가 수정됩니다 에린 시계에서 ""오전오후"" 표기가 잘못 표기되던 부분이 수정됩니다 버그 수정이 주 내용인 이번 테스트 서버 패치는테스트 서버에서의 테스트 후 정식서버에 적용될 예정입니다 감사합니다 "
20050622 16:04,공 622(수) 정식 서버 테스트 서버 패치 변경점 안내(수정),블레딘,"안녕하세요마비노기 운영팀입니다 수정 내용 테스트 서버에 결혼 시스템이 잘못 투입된 부분이 있어 결혼이 초기화됩니다 이용에 참고하시기 바랍니다 참고 사항데이터 검증 루틴을 추가하게 되어 패치 후 처음 게임 클라이언트 가동시패치 받기에 다소 시간이 소요됩니다 이점 참고하시기 바랍니다 06월22일(수) 정식 서버 테스트 서버 패치로 인한 변경점을 안내해 드립니다변경점은 아래와 같습니다 정식 서버 패치 내용 세번째 제네레이션 다크나이트가 시작됩니다 퍼스트 제네레이션을 클리어한 후 던컨의 집에 있는 이상한 고양이와 대화를 하면 세컨드 제네레이션 메인 스토리를 건너뛸 수 있게 됩니다 (단 보상으로 주어지는 팔라딘 스킬들은 받을 수 없으며 이것은 차후 업데이트를 통해서 획득할 수 있게 될 예정입니다) 초보자연습 던전이 추가됩니다 틴이 있는 튜토리얼 지역에 마비노기의 전투 시스템에 대한 안내를 받고 체험을 할 수 있는 가이드 던전이 추가됩니다 결혼식을 올릴 수 있게 됩니다 결혼할 커플이 함께 NPC를 찾아가서 결혼식을 예약하고 새로 투입될 결혼식장에 하객들을 초대하여 결혼식을 올릴 수 있습니다 결혼을 하면 서로에게 특수한 타이틀이 주어지며 함께 게임을 플레이하면 동행보너스가 생기기도 합니다 결혼 시 약혼반지에 입력했던 문장이 상대방의 결혼반지에 기록되게 됩니다 결혼식이 끝나면 예복은 반납하게 됩니다 (예복을 대여 받을 수 있습니다) 결혼 예복을 장비하고 있을 경우에는 결혼식장 밖으로 나갈 수 없게 됩니다 (예복을 인벤토리로 옮겨 놓고 밖으로 나가야 합니다) 결혼을 하면 이혼을 하기 전까지 환생 시 성별을 바꿀 수 없게 됩니다 세번째 제네레이션 시즌1부터 에린의 날씨가 변화하게 됩니다 비가 오면 낚시 성공률 생산 확률 아이템 드랍률 등이 증가하며 채집 시 동물과 사물로부터 좀더 오래 아이템을 채집할 수 있습니다 외부 던전에는 비가 오지 않지만 날씨의 효과는 적용되며 일반 던전은 제외됩니다 잡화점 등 가게의 내부 역시 비가 오지는 않지만 날씨 효과는 적용됩니다 비가 올 때는 캠프파이어의 지속 시간이 줄어듭니다 상점에서 물건을 구입할 때 착용 모습을 미리 보는 기능이 추가됩니다 새로운 머리색 눈색이 추가됩니다 머리색 5종 눈색 3종이 추가됩니다 (캐릭터를 생성하거나 환생할 때 새로운 머리색 눈색을 선택할 수 있게 됩니다) 환생 조건이 변경됩니다 캐릭터 생성환생 후 실제 시간으로 3주가 지난 시점부터 환생이 가능하도록 변경됩니다 (현재 캐릭터의 나이보다 더 많은 나이로 환생할 수는 없게 됩니다) 20세 이후 외형 변경을 위한 환생은 3주가 지나지 않아도 가능합니다 캐릭터의 나이가 25세를 넘어가지 않게 됩니다 25세가 넘어가는 시점부터 나이의 표시가 25세(XX년째)의 식으로 바뀝니다 나이에 따른 효과가 변경됩니다 (팔라딘 변신 시간 숙련도 음식에 의한 특성치 상승 적용 시간) 캐릭터를 생성환생한 시점부터 지금까지 지나간 시간이 캐릭터 창의 ""생일""란에 표시됩니다 나이로 얻는 타이틀 및 퀘스트는 기존과 동일하게 얻을 수 있습니다 인챈트를 남에게 믿고 맡길 수 있는 인챈트 위탁이 추가됩니다 마법상점에서 판매하는 신규 마법가루를 이용하여 인챈트를 시도하면 파티원에게 인챈트를 의뢰할 수 있습니다 상대방에게 스크롤과 아이템을 직접 주지 않아도 인챈트를 의뢰할 수 있습니다 인챈터 소각의 경우에도 파티원에게 의뢰할 수 있습니다 (단 의뢰를 통해 소각을 할 경우에는 선라이트 허브가 사용됩니다) 의뢰에 필요한 재료는 의뢰를 한 사람과 의뢰를 받은 사람 중 누구라도 제시할 수 있습니다 마법을 사용하는 데 있어 도움이 되는 스킬인 매직 마스터리 스킬을 배울 수 있습니다 가지고 있기만 하면 효력이 발생되는 스킬이며 랭크업 시 마나의 최대량과 지식이 오릅니다 게임에 로그인하면 라사에게 퀘스트를 받게 되며 퀘스트를 수행하면 보상으로 매직 마스터리 스킬을 배울 수 있습니다 전투 및 마법 스킬의 6랭크 제한이 해제됩니다 5랭크부터는 특수한 효과가 추가되어 좀 더 편하게 스킬을 사용할 수 있게됩니다 1랭크에서 더욱 특수한 효과가 주어집니다 기존 몬스터 중 포션을 드랍하는 몬스터가 늘어납니다 필드에 서식하는 곰이 최고급 가죽을 드랍합니다 키아 던전의 보상 인챈트가 추가됩니다 나이 먹는 약 대신 캠프파이어 키트가 다시 나오게 됩니다 (나이 먹는 약은 더 이상 받을 수 없게 됩니다) 신규 의상과 옷본 중갑옷 도면 마족 스크롤 수집 퀘스트를 판매합니다 핸디크래프트 스킬로 수제 붕대를 만들 수 있습니다 고급 수제 붕대를 만들 수 있게 됩니다 최고급 방직 장갑을 착용하고 실크를 생산하면 최고급 실크 생산 확률이 약간 향상됩니다 최고급 방직 장갑은 발터(던바튼) 갈빈(이멘마하)이 판매합니다 무기 도면의 난이도가 낮아집니다 각종 스킬의 효과가 개선됩니다 스킬의 스태미나마나 소모가 낮은 랭크에서는 더욱 적어지고 높은 랭크에서는 높아지도록 변경됩니다 컴뱃마스터리의 패시브 효과로 생명력 보너스가 추가됩니다 카운터어택의 추가 효과로 크리티컬 10가 추가됩니다 스매시와 매그넘샷의 추가효과인 크리티컬 10가 사라집니다 스킬을 사용했을 때 무기의 내구도 감소 수치가 2배로 늘어남과 동시에 숙련도를 2배로 쌓을 수 있게 됩니다 (나이에 따른 숙련도 증가 수치도 기존의 3배로 변경됩니다) 무기의 능력치와 개조 가격 등이 변경됩니다새롭게 구입제작되는 아이템에 적용되는 부분 상점에서 판매 중인 모든 무기의 도면이 추가됩니다 무기의 상점 가격이 50로 낮아지며 내구도가 20 40 하락합니다 원드의 내구도가 10으로 증가합니다기존의 아이템과 신규 구입제작 아이템에 적용되는 부분 무기의 개조 비용이 감소하며 무기 개조 수치가 모두 변경됩니다 무기 별로 고유의 스태미나 감소 수치를 가지며 이 수치가 일반 공격에 적용됩니다 무기 별로 범위 공격 수치가 변경되어 취향에 따른 무기를 선택할 수 있게 됩니다 캐릭터의 능력치에 따른 공격력이 변경됩니다 지력이 근접원거리 공격력에 영향을 주지 않고 마법 대미지에 영향을 줍니다 체력은 원거리 공격 대미지에 영향을 주지 않으며 솜씨의 원거리 공격 대미지 반영률이 늘어납니다 최대 밸런스가 80로 제한됩니다 솜씨의 밸런스 반영률이 약간 감소합니다 몬스터의 강함과 약함이 전반적으로 재 조정됩니다 Weak 보다 낮은 Weakest 등급이 신설되며 이 몬스터에게 숙련도를 쌓을 수 없습니다 필드에 설치된 캠프를 이용할 경우 캠핑 페널티가 리셋 됩니다 센마이 평원에 캠프를 설치할 수 있게 됩니다 생산 재료의 입수생산사용이 좀더 쉽게 조정됩니다 광석의 크기가 22로 변경됩니다 알비 던전알베이 던전 바리 던전을 제외한 던전의 모든 층에서 허브를 채집할 수 있습니다 허브 채집에 실패하더라도 ""못 쓰게 된 허브""가 나오지 않습니다 포션 조제에 파티 생산과 요일 효과가 적용됩니다 상점에서 판매 중인 포션붕대의 가격이 상승합니다 보더 콜리가 평소에 꼬리를 내리고 있게 됩니다 NPC 에반의 대화창 이미지가 좀 더 정교하게 다듬어진 형태로 변경됩니다 (테스트 서버에는 변경된 내용이 적용되었으나 공지가 늦어지게 되었습니다) 스킬 단축키 스킬창 인벤토리 미니맵 가방 창의 위치가 초기화되는 문제가 해결됩니다 불꽃무늬 흰거미 동물 캐릭터 소환 시 공격 명령을 듣지 않는 문제가 수정됩니다 휴식 스킬을 사용중인 똑똑한 동물 캐릭터가 상자 명령어를 인식하지 못하는 문제가 수정됩니다 축복의 포션 또는 인챈트를 사용하던 중 클라이언트가 종료되던 문제가 수정됩니다 단축키(ctrlj)로 피닉스의 깃털 어드밴스드 깃털 파티 부활의 깃털 사용 시 몬스터 타겟팅이 풀어지지 않던 문제가 수정됩니다 동물 캐릭터와 함께 무서운 도서관의 컷신을 본 후에 캐릭터들이 보이지 않던 문제가 수정됩니다 동물 캐릭터가 스킬 시전 시 열려있던 생산창요리창포션조제창 등이 닫히는 문제가 수정됩니다 똑똑한 동물 캐릭터가 철광석을 주울 때 스택될 공간이 있으나 공간이 부족하다는 메시지가 나오며 줍지 못하는 문제가 수정됩니다 동물 캐릭터 젖소가 전투 지원 또는 ""힐링"" ""회복"" 등의 명령을 내려도 힐링 스킬을 쓰지 못하던 문제가 수정됩니다 팔라딘 변신 중 로그아웃 후 재 로그인하여 플레이할 때 일정 대미지를 입는 동안 부상을 입지 않던 문제가 수정됩니다 테스트 서버 수정 내용 테스트 서버의 수정 내용은 정식 서버 패치에도 적용되어 투입됩니다 활을 들지 않은 상태에서 화살을 상점에서 미리보기할 때 들고 있는 아이템과 화살이 겹쳐 보이는 문제가 수정됩니다 은행에 아이템 맡기기를 취소했을 때 수수료를 징수하는 문제가 수정됩니다 새로워지는 마비노기와 함께 더욱 즐거운 여름 되시기 바랍니다감사합니다 "
20050620 17:01,공 620(월) 테스트 서버 패치 변경점 안내(수정),블레딘,"안녕하세요마비노기 운영팀입니다 수정 내용테스트 서버 패치 이후 클라이언트 동기화 문제로 인하여 은행에서 골드를출금 시 골드가 보이지 않는 문제가 발생할 수 있습니다로그아웃 후 재접속을 하시면 정상적으로 보이게 됩니다다음 패치에 수정될 예정입니다 양해 부탁드립니다 06월20일(월) 테스트 서버 패치로 인한 변경점을 안내해 드립니다변경점은 아래와 같습니다 참고 사항데이터 검증 루틴을 추가하게 되어 패치 후 처음 게임 클라이언트 가동시패치 받기에 다소 시간이 소요됩니다 이점 참고하시기 바랍니다 결혼식을 올릴 수 있게 됩니다 결혼할 커플이 함께 NPC를 찾아가서 결혼식을 예약하고 새로 투입될 결혼식장에 하객들을 초대하여 결혼식을 올릴 수 있습니다 결혼을 하면 서로에게 특수한 타이틀이 주어지며 함께 게임을 플레이 하면 동행보너스가 생기기도 합니다 (결혼을 하면 이혼을 하기 전까지 환생 시 성별을 바꿀 수 없게 됩니다) 상점에서 물건을 구입할 때 착용 모습을 미리 보는 기능이 추가됩니다 캐릭터의 나이가 25세를 넘어가지 않게 됩니다 25세가 넘어가는 시점부터 나이의 표시가 25세(XX년째)의 식으로 바뀝니다 나이에 따른 효과가 변경됩니다 (팔라딘 변신 시간 숙련도 음식에 의한 특성치 상승 적용 시간) 캐릭터를 생성환생한 시점부터 지금까지 지나간 시간이 캐릭터 창의 ""생일""란에 표시됩니다 (나이로 얻는 타이틀 및 퀘스트는 기존과 동일하게 얻을 수 있습니다) 마법을 사용하는 데 있어 도움이 되는 스킬인 매직 마스터리 스킬을 배울 수 있습니다 가지고 있기만 하면 효력이 발생되는 스킬이며 랭크업 시 마나의 최대량과 지식이 오릅니다 게임에 로그인하면 라사에게 퀘스트를 받게 되며 퀘스트를 수행하면 보상으로 매직 마스터리 스킬을 배울 수 있습니다 기존 몬스터 중 포션을 드랍하는 몬스터가 늘어납니다 필드에 서식하는 곰이 최고급 가죽을 드랍합니다 키아 던전의 보상 인챈트가 추가됩니다 나이 먹는 약 대신 캠프파이어 키트가 다시 나오게 됩니다 (나이 먹는 약은 더 이상 받을 수 없게 됩니다) 스킬 단축키 스킬창 인벤토리 미니맵 가방 창의 위치가 초기화되는 문제가 해결됩니다 테스트 서버 수정 내용 크리티컬 카운터 어택 공격 대미지가 비정상적으로 높게 나오는 문제가 수정됩니다 전투 도중 공격 모션이 나오지 않고 몬스터의 생명력이 줄어드는 문제가 수정됩니다 정령 무기 사용 시 스태미나를 소모하지 않는 문제가 수정됩니다감사합니다"
20050520 06:45,공 520 정식 서버 변경점 안내,블레,안녕하세요GM 블레입니다 5월 20일 금요일 오전 점검으로아래의 내용이 변경됩니다 정령무기에게 더 이상 음식을 줄 수 없게 됩니다사과 나무열매 달걀 치즈 퐁듀 은붕어 스튜등 각종 음식을정령 무기에게 줄 수 없게 됩니다 위내용 참고하시어마비노기와 즐거운 시간이 되시기 바랍니다
20050304 06:51,공 34(금) 점검 및 패치로 인한 변경점 안내,블레딘,안녕하세요마비노기 운영팀입니다 03월04일 점검 및 패치로 인한 변경 점을 안내해드립니다 지난번 테스트 서버에 투입되었고 이번 정식서버 패치에 투입되는 내용 골드 코볼트 마족 스크롤 수집 퀘스트를 던바튼 관청에서 판매합니다 파티 피니시 규칙의 기본값이 최고공로자가 로 변경됩니다 동물캐릭터를 소환했을 때 던전 입장시 나오던 컷신이 또 나오는 문제가 수정됩니다 디펜스 스킬을 학교에 가자 퀘스트의 보상으로써 자동으로 얻게 됩니다 학교에 가자 퀘스트를 끝냈지만 아직 디펜스 스킬을 얻지 못한 캐릭터는 기존 방식 (레이널드에게 스킬에 대하여로 대화)으로도 계속 얻을 수 있습니다 G2 컷신중 모닥불에서 루에리와 트리아나의 대화후 에스라스의 소문에 관한 컷신이 나옵니다 두 시간 이내로 클라이언트를 다시 실행할 경우 로그인 화면이 바로 나타납니다 알비 아레나의 생명력 포션 가격이 약간 내려갑니다 스킬 대기 발동이 투입됩니다 공격 경직중 공격을 시도하면 경직이 끝남과 동시에 자동 공격을 합니다 연속공격을 하는 도중 스킬 사용을 시도하면 연속공격이 끝남과 동시에 스킬이 발동됩니다 (연속공격을 하더라도 공격 중간에 빈틈이 있으면 그사이에 스킬이 발동됩니다 즉 3타무기로 4타를 치는 경우에는 현재 공격이 끝나면 바로 스킬이 발동됩니다) 스킬을 사용 할수 없는 상황에서 스킬 사용을 시도하면 대기 상태로 들어갔다가 스킬을 사용할수 있는 시점에서 발동됩니다 레인지 마스터리 스킬을 준비 중에 이동 하더라도 스킬 준비가 끝나는 대로 조준이 시작됩니다 스킬 대기 발동은 대기발동 아이콘 또는 ESC키로 취소할 수 있습니다 이번 정식서버 패치로 인해 변경되는 내용 전투 모드일 때는 음식 컷신이 보이지 않습니다 루아에게 선물을 연속해서 두 번 이상 줄 때 선물을 실제로 받아가지 않던 문제가 수정됩니다 엘레멘탈 엘레멘탈 리무버를 소모 없이 사용 가능한 문제가 수정됩니다 베안 루아 비밀 클럽의 회원권 기한이 지난 후에 재가입을 할 수 없었던 문제가 수정됩니다 루카스와의 호감도가 높을 때 유효기간이 지난 회원권을 가지고 있다면 가입비를 내고 재가입을 할 수 있습니다
20050204 11:24,공 2월 4일 오전 패치 변경점 안내,켈런,안녕하세요마비노기 GM 켈런입니다 2월 4일 (금) 오전 패치로 인한 게임 내 변경점을 안내해드리겠습니다 캐릭터 선택화면에서 캐릭터 카드를 선택하지 않으면 새캐릭터 버튼이 눌러지지 않던 문제가 수정됩니다 GeForce3급 그래픽카드에서도 NPC와 대화할 때 고품질의 포트레이트를 볼 수 있도록 변경됩니다 동물캐릭터에게 멀리 떨어진 몬스터를 공격하라는 명령을 해도 공격하지 않던 문제가 수정됩니다 동물 캐릭터로 게임에 로그인했을 때 장비창을 열 수 있는 문제가 수정됩니다 동물 캐릭터에게 우유를 줄 경우 빈 병이 사라지는 문제가 수정됩니다 동물 캐릭터에게 여러개 스택이 되어있는 음식을 줄 때 한 번에 한개씩만 없어지도록 변경됩니다 동물 캐릭터로 로그인할 때 스킬 단축키 설정이 초기화되는 문제가 수정됩니다 다른 계정에 있는 동물 캐릭터가 자신의 애완동물 탭에 보이며 이를 소환하려하면 클라이언트가 다운되는 문제가 수정됩니다 동물 캐릭터가 특정 채널에 접속하지 못하는 경우가 생기는 문제가 수정됩니다 동물 캐릭터의 성별 표시가 없어집니다 캐릭터와 동물 캐릭터를 합하여 20개까지 가질 수 있던 것이 변경되어 캐릭터 20명 동물 캐릭터 20마리까지 가질 수 있게 변경됩니다 소환한 동물캐릭터와 함께 라비 던전을 솔로 플레이 했을 때 서큐버스를 만날 수 없었던 문제가 수정됩니다 하지만 소환한 동물캐릭터가 아닌 동물캐릭터로 로그인한 동료와 인간캐릭터의 유저가 파티를 맺은 상태라면 서큐버스를 만날 수 없습니다 오프닝 동영상을 ESC키로만 취소할 수 있도록 변경됩니다 힐러의집 아르바이트를 할 때 아르바이트 설명 창에서 방직을 도와주실 분을 찾습니다라고 나오는 문제가 수정됩니다 오늘도 마비노기와 함께 즐거운 하루 되시기 바랍니다 감사합니다 :)
20050202 14:24,공 제네레이션2 시즌2 패치로 인한 변경점 안내,쿼티, 안녕하세요 마비노기 운영팀입니다이번 G2 시즌2 패치로 인해 새로이 투입되는 컨텐츠와그 밖의 변경점에 대하여 안내해드리겠습니다업데이트 게시판에 공지되었던 변경점 프리미엄샵에서 동물캐릭터카드를 구입하여 동물 캐릭터를 생성할 수 있습니다플레이어 본인이 직접 동물 캐릭터가 되거나자신만의 애완동물로 동물 캐릭터를 소환할 수 있습니다동물캐릭터에 대한 자세한 내용은 업데이트 게시판을 참고하시기 바랍니다 이멘마하에 룬다 하급 던전이 새롭게 투입됩니다해적 스켈레톤을 볼 수 있었던 룬다 일반상급 던전에 이어서물고기의 형태를 한 사하긴을 비롯한 놀 캣시 기사단 등반인반수의 몬스터들을 볼 수 있습니다 신규 나오 옷이 투입됩니다룬다 하급 던전의 보상중 낮은 확률로 나오의 신규 의상을 얻을 수 있습니다나오와 키워드로 대화중에 신규 의상을 선물하면나오의 서포트 사용시 나오가 새로운 옷을 입고 나타납니다특히 토요일에는 레어 칼라의 옷을 입수할 수 있습니다 던바튼 학교가 넓어집니다스튜어트가 있는 던바튼 학교의 내부에 로비와 도서관이 생깁니다스튜어트의 방 위치가 변경되며 도서관은 차후 투입 예정입니다 던전에 붉은색의 분수가 투입됩니다제네레이션2의 시즌1 에서 투입된 푸른색의 분수처럼던전에서 가끔 만날 수 있는 붉은색의 분수에서는나의 생명력 체력 공격력 등의 수치가잠시동안 올라가거나 내려가는 효과가 생깁니다 컬렉션북이 투입됩니다책에 기록되어 있는 아이템을 컬렉션북을 이용하여 수집하면수집한 아이템에 대한 새로운 정보를 얻을 수 있고모두 모았을때는 새로운 아이템을 얻을 수 있습니다 초보 퀘스트의 내용이 쉬워집니다게임을 처음 시작했을때 진행하게 되는 퀘스트들 중녹색 구슬 수집 거미줄 채집 양털 깎기 등의 내용이 약간 쉬워지도록 수정됩니다처음 마비노기를 접하는 유저분들이 게임에 좀 더 쉽게 다가갈 수 있도록초반 플레이를 계속해서 다듬어 나가고 있습니다이와 함께 클로즈 베타때 볼 수 있었던 티르코네일 마을 안에 있는 갈색 여우가 다시 등장하여초보 유저들이 전투를 경험해 볼 수 있게 됩니다 그 외의 변경점 프리미엄 카드를 사용하여 캐릭터를 만들거나 환생할 때 새로운 초보자 옷을 받을 수 있습니다 새로운 헤어 스타일 6종류가 추가됩니다프리미엄 카드를 사용하면 새로운 헤어 스타일로 캐릭터를 생성할 수 있습니다 팔라딘 변신 유지 시간이 기존에 비해 늘어납니다 현재 상황에서 클릭해야 할 적절한 버튼이 점멸을 하여 초보자 분들에게 보다 쉬운 인터페이스를 제공하게 됩니다 모든 던전의 여신상의 형태가 변경됩니다 마을의 사물을 때렸을 때 떨어지는 아이템의 드랍율이 증가합니다 나이가 어린 캐릭터가 음식을 섭취했을 때 스태미나도 회복됩니다환생을 할 때 마지막 위치에서 환생하기를 선택할 경우 지정 염색약을 받을 수 없다는 경고창을 보여줍니다 던전 문과 벽 사이에 캐릭터가 끼이는 문제의 원인중 일부가 수정됩니다 감사합니다 
20040910 15:42,공 테스트 서버 패치 변경점 안내,쿼티,안녕하세요 데브캣 운영팀입니다 금일 테스트 서버 패치로 인해 변경되는 점에 대해 알려드리겠습니다 약초학 스킬이 추가됩니다 이 스킬로 약초를 채집할 수 있습니다테스트 서버에서는 던바튼 힐러 마누스에게 스킬에 대하로 대화하여 얻을 수 있습니다본 서버 적용시에는 변경될 예정입니다 캠프쉐어링시 음식의 제작자와 랭크가 표시됩니다 수표 시스템이 도입됩니다유저간의 고액 거래를 가능하게 하기 위해 은행에서 고액의 수표를 발급받을 수 있게 되었으며이 수표는 다시 은행에 현금처럼 입금이 가능합니다하지만 이 수표를 상점이나 아이템 수리 등 다른 곳에는 이용할 수 없습니다수표는 최소 1만 골드부터 발급받을 수 있으며 100만 골드까지 1만 골드 단위로 발급이 가능합니다수표 발급시 5의 수수료가 은행예금에서 차감되며 수표 입금시에는 수수료가 없습니다 원드를 상점에 되팔때 값의 일부를 돌려받을 수 있도록 변경됩니다기존에 원드를 가지고 계신분과 앞으로 구매하시는 분에게만 적용됩니다 언트레인 했던 스킬을 다시 수련할때 책이나 퀘스트로 얻어진 경험치가 복구됩니다언트레인 했던 스킬을 다시 수련하려고 할때 책을 다시 읽거나 퀘스트를 다시 수행하지 못함으로써 승급이 불가능한 경우를 방지하기 위해서 책이나 퀘스트로 얻어진 경험치는 재수련 시점에서 다시 복구됩니다 천옷만들기 품질결정 인터페이스에서 다운되는 문제가 수정됩니다적이 아닌 캐릭터에 대해 공격 마법 커서가 나오는 문제가 수정됩니다Windows 98ME에서 개조 등의 일부 툴팁이 안 나오는 문제가 수정됩니다아이템 생산메세지에서 생산품의 조사가 잘못 표시되는 문제가 수정됩니다옷만들기로 만든 아이템의 제작자가 대장장이로 표기되는 문제가 수정됩니다스킬 랭크업언트레인시 스탯이 2배로 변하는 것처럼 보이는 문제가 수정됩니다 이상의 내용은 본섭에 그대로 투입되지 않으며추가의 테스트 서버 패치가 예정되어 있습니다 감사합니다 
20040826 10:33,공 패치 변경점 안내,쿼티,안녕하세요마비노기 운영팀입니다 금일 패치로 인해 변경되는 사항에 대해 안내드립니다 2시간 제한에 걸려서 로그아웃된 후 클라이언트가 종료되지 않는 문제가 수정됩니다 여신의 날개의 툴팁에 최근에 방문했던 마을의 이름이 나오며 사용시 그 마을로 이동하게 됩니다 방직 생산창이 열려 있는 상태에서 아이템을 장착하거나 할 때 성공 확률이 잘못 표시되던 문제가 수정됩니다 던전 보스방이 열린 이후에는 위층으로 가는 계단을 클릭하면 던전밖으로 나가게 됩니다 위층에서 아래층으로 내려올때는 달라지는 것이 없습니다 고기 등의 살이 많이 찌는 음식을 계속 먹을 경우 어느순간 순식간에 살이 빠져버리던 문제가 수정됩니다 던전에서 몇몇 메인퀘스트 아이템을 획득할 수 없었던 문제가 수정됩니다 좋은 하루 되시길 빕니다감사합니다 
20031121 10:00,공 오픈 베타 추가 내용변경점 안내,나크,1 상태 이상 병 독 마비 등 20가지 이상의 상태 이상이 적용되기 시작합니다 어떤 몬스터는 독에 걸리게 하기도 하고 던전 지하에서 너무 오래 생활하면 감기에 걸리기도 합니다 2 엘레멘탈 속성 적용 불 얼음 번개의 3가지 엘레멘탈 속성이 적용되기 시작합니다 동물들은 불을 사용한 공격에 약하게 되는 등 상성이 적용됩니다 상황과 생활방식에 따라 다른 엘레멘탈을 사용해서 싸워나가야 할 것입니다 아이템에 엘레멘탈 속성을 부여할 수 있는 인챈트 스크롤이 나타날 것입니다 3 학교로부터 배울 수 있습니다 하루에 한번 학교에 가서 수업을 듣고 능력치를 향상시킬 수 있습니다 경험치를 얻는 것 이외에도 새로운 키워드와 능력치 파라메터를 향상 시킬 수 있습니다 마법학교에서는 기존 책으로 구입해서 배웠던 마법을 배울 기회를 가집니다 물론 책도 서점에서 그대로 판매합니다 4 던바튼 주변에 던전이 추가됩니다 라비 던전을 포함한 신규 던전이 열리게 됩니다 이 던전에서는 새로운 패턴의 퍼즐과 함정이 기다리고 있습니다 추가 던전 역시 처음에는 봉인으로 막혀있습니다 5 퀘스트가 정식 투입됩니다 특정 조건이 되면 주어지는 퀘스트(일명 올빼미 퀘스트)가 정식으로 투입되며 이 퀘스트를 통해서 AP를 얻거나 스토리를 진행할 수 있습니다 지금까지 테스트 단계에서 순차적으로 도입되어 왔던 퀘스트가 최종 형태를 갖추게 됨에 따라 던컨이 부여하는 첫번째 퀘스트 역시 새롭게 디자인될 것입니다 6 성당에서는 축복의 물을 살 수 있습니다 아이템 드랍과 함께 투입 예정이었던 축복의 물(일명 성수)을 구입할 수 있게 됩니다 축복의 물을 아이템에 사용하면 해당 아이템은 축복 상태가 되며 내구도 감소량이 반으로 줄어들고 그 아이템을 떨어뜨리지 않게 됩니다 7 잃어버린 아이템을 회수 할 수 있습니다 던바튼의 관청을 통해서 사망시에 잃어버렸던 아이템을 상점가의 약 50로 회수 할 수 있습니다 회수하는 아이템은 항상 축복받은 상태로 회수됩니다 8 몬스터가 추가됩니다 너구리 등 비선공 몬스터가 필드 몬스터로 추가되며 던바튼 가는 길에 있는 두갈드 아일에서 볼 수 있습니다 이번 테스트때 시험되었던 고블린과 코볼트가 정식 던전 몬스터로 추가됩니다 헬하운드가 던전 몬스터로 추가됩니다 이 외에 몇 종의 던전몬스터와 AI 전투 패턴이 추가됩니다 9 옷으로부터 옷본을 제작할 수 있는 스킬이 추가됩니다 특정 옷으로부터 옷본을 만들어낼 수 있는 스킬이 생깁니다 이 스킬을 사용해서 레어한 옷의 옷본도 얻을 수 있습니다 높은 랭크와 많은 AP를 필요로 하는 고급 스킬이 될 것입니다 10 던전의 최하층에서는 약초가 자라기 시작합니다 던전의 최하층에서는 약초를 볼 수 있게 될 것입니다 이 약초는 일반적인 채집으로는 얻을 수 없고 약초학을 가진 플레이어만 확률에 무관하게 채집이 가능합니다 약초학을 공부한 사람은 약초를 통해서 포션을 만들 수 있게 됩니다 11 다양한 인챈트 스크롤이 등장합니다 다양한 내용의 인챈트 스크롤이 등장합니다 12 내구력이 적용됩니다 아이템을 사용하면 내구력이 소모됩니다 무기를 제외한 모든 장비품은 장비하고 있는 동안 약간씩 마모됩니다 13 요일효과가 정식으로 투입됩니다 요일마다 있는 고유한 특성이 발현되기 시작하고 접속할 때 그 내용이 표시됩니다 14 로그아웃 패널티가 적용됩니다 거래 전투 등 특정한 행동을 한 다음에는 30초 안에 로그아웃을 할 경우 패널티를 받게 됩니다 15 블랙스미스와 제련이 추가됩니다 광산 마을인 반호르가 추가될 때까지는 유용하지 않겠지만 스킬이 먼저 투입됩니다 16 몬스터가 재배치됩니다 티르 코네일에 투입될 몬스터 종류가 완성되어 기존에 임시로 사용되었던 몬스터 배치는 파기하고 다시 배치됩니다 티르코네일에서는 대략 한 필드에 한 종류의 몬스터를 만나게 될 것이고 그 밀도가 낮고 분포가 넓은 형태가 됩니다 힐러 집 앞은 더 이상 초보자 지역의 역할을 하지 않을 것입니다 주요 변경점 1 던컨이 주는 퀘스트가 바뀝니다 갈색 여우 퀘스트는 삭제되고 게임의 튜토리얼에 해당하는 퀘스트로 세분화 됩니다 2 방직 스킬 등 원료를 가공하는 생활 스킬의 확률이 조정됩니다 확률이 높아지고 퀄리티에 따라 다른 아이템을 얻을 수 있게 됩니다 3 무기의 파라메터가 조정됩니다 2타 무기가 더 강화됩니다 4 필드에서의 사냥으로부터 얻을 수 있는 보상이 줄어듭니다 필드에서의 보상은 줄어들고 던전에서 보상은 늘어납니다 5 초급 아르바이트의 일자리가 늘어납니다 초급 아르바이트 중 몇가지는 일자리가 대폭 늘어납니다 하지만 많은 일자리가 있는 곳은 그만큼 다음 아르바이트로의 승급이 늦어질 것이므로 잘 선택해야할 것입니다 일률적으로 적용되어있던 아르바이트 시간이 아르바이트별로 조금씩 달라집니다 당장 투입되지는 않지만 확정 기획이며 근시일로 예정되어있는 내용입니다 1 반호르 라는 광산 마을이 생깁니다 2 플레이어는 광석을 제련하고 무기와 갑옷을 만들 수 있게 됩니다 3 웹 커뮤니티와 연동되는 길드가 투입됩니다 4 채널간 메시지를 주고 받을 수 있게 됩니다 5 보상으로 생활 아이템(음식 포션)을 주는 아르바이트가 생깁니다 
20031016 00:39,공 밸런스 변경점 안내,운영자,안녕하세요 데브캣의 나크입니다 10월 16일 패치에는 큰폭의 밸런스 변경이 있을 예정입니다패치는 10시부터 시작해서 40분간내부 테스트를 하고 11시 경에 플레이가 시작될 것으로 생각됩니다 변경되는 사항은 다음과 같습니다 티르코네일 몬스터의 방어력이 0 보호력이 0이 됩니다 (마법은 전과 같은 위력을 가집니다) 음식의 가격의 떨어집니다 (단 캠프쉐어링요리 등장시 다시 상승예정) 늑대의 공격력 생명력이 하향 조절됩니다 개의 공격력 생명력이 상향 조절됩니다 곰의 생명력이 상향됩니다 (방어력이 0이므로) 던전 몬스터들의 생명력이 같은 이유로 상승했습니다 스켈레톤은 활을 가지고 있을때 사용할 수 있습니다 브로드 소드가 2타 무기가 되었습니다 브로드 소드의 공격력이 상향되었습니다 둔기류 무기의 공격력 폭이 매우 넓어졌습니다 포션의 가격이 10로 떨어졌습니다 (본 서비스시 상향 조절 가능성 있음) 아이템의 카테고리가 정렬되었습니다 갑옷의 방어력이 대폭 낮아졌습니다 (몬스터와 형평성유지 디펜스 파라메터의 중요성 강화) 선공 몬스터가 주는 경험치가 매우 높아졌습니다 몬스터들이 주는 돈이 높아졌습니다 아르바이트를 수행하기전에 창으로 정보를 보여줍니다 굵은 나뭇가지가 대미지 폭을 넓히고 100골드로 하향 무기의 밸런스 파라메터가 잘 적용되기 시작함 체력의 50 이상을 한번에 없애는 공격을 맞을때 죽지 않음 (늑대의 스매시에 한번에 죽지 않고 DEADLY가 됨) 다이어울프의 공격력이 하향됨(던바튼필드몬스터) 새끼 그레즐리베어의 공격력이 상향됨 골렘(키아던전보스)은 생명력이 하향조절되었습니다 무기들간의 밸런싱이 이루어졌습니다 (특히 단검과 숏소드는 가격대 성능비가 매우 높아졌습니다) 
